" The customer does not exist in the system anymore.","Stranka ne obstaja več v sistemu"
" You will need to navigate to your "," Morali boste preusmeriti na vašo "
" [deleted]","[odstranjen]"
" and ","in"
" and go to the "," in pojdite na "
" sections for your Hosted Checkout Pages."," sekcija za vaše gostovane nakupne strani."
"%s (Default Template from Locale)","%s (Privzeta predloga iz jezika)"
"%s cache type(s) disabled.","%s tip predpomnilnika(ov) onemogočen."
"%s cache type(s) enabled.","%s tip predpomnilnika(ov) omogočen."
"%s cache type(s) refreshed.","%s tip predpomnilnika(ov) osvežen."
"(Absolute path or Relative to Magento install root, ex. var/export)","(Absolutna ali relativna pot do Magento namestitvenega direktorija, npr. var/export)"
"(For US 2-letter state names)","(Za ZDA dvočrkovna oznaka zvezne države)"
"(If left empty will be auto-generated)","(Če pustite prazno, bo samodejno generirano)"
"(Leave empty for first spreadsheet)","(Pustite prazno za prvo preglednico)"
"(Products will be added/updated to this store if 'store' column is blank or missing in the import file.)","(Izdelki bodo dodani/posodobljeni za to trgovino, če bo stolpec 'trgovina' prazen ali bo manjkal v uvoženi datoteki.)"
"(Shift-)Click or drag to change value","(Shift-)Klikni ali povleci za menjavo vrednosti"
"(Starting with)","(Začenši z)"
"(When 'No', only mapped fields will be imported. When mapping, use 'column1', 'column2', etc.)","(Ko je 'Ne', bodo uvožena samo preslikana polja. Ko preslikavate uporabite ' stolpec1 ', 'stolpec2', itd.)"
"(You have to increase php memory_limit before changing this value)","(Pred menjavo te vrednosti morate povečati php memory_limit)"
"(\\t for tab)","(\\t za zavihek)"
"* - If indexing is in progress, it will be killed and new indexing process will start.","* - Tekoče indeksiranje bo ustavljeno in začelo se bo novo indeksiranje."
"Nap:509","=-Za povečavo časa klikni na katerikoli del časa"
"Nap:509","=- Miškin gumb drži na kateremkoli od gornjih gumbov Za hitrejšo izbiro."
"- Use the %s buttons to select month","- Uporabi %s gumbe za izbiro meseca"
"- Use the %s, %s buttons to select year","- Uporabi %s, %s gumbe za izbiro leta"
"Nap:509","=-ali dvigni - klikni Za zmanjšanje"
"Nap:509","=- ali klikni in povleci Za hitri izbor."
"-- Not Selected --","-- Ni izbrano --"
"-- Please Select --","-- Prosimo izberite --"
"-- Please Select Billing Agreement--","-- Prosimo izberite pogodbo o plačevanju --"
"-- Please Select a Category --","-- Prosimo izberite kategorijo --"
"-- Please select --","-- Prosimo izberite --"
"--Please Select--","-- Prosimo izberite --"
"1 Hour","1 Ura"
"12 Hours","12 Ur"
"12h AM/PM","12h dopoldne/popoldne"
"2 Hours","2 Uri"
"24 Hours","24 Ur"
"24h","24h"
"2YTD","2YTD"
"6 Hours","6 Ur"
"<h1 class=""page-heading"">404 Error</h1><p>Page not found.</p>","<h1 class=""page-heading"">404 napaka</h1><p>Stran ni najdena.</p>"
"A new password was sent to your email address. Please check your email and click Back to Login.","Na vaš E-poštni naslov je bilo poslano novo geslo. Preverite E-pošto in kliknite Nazaj na prijavo."
"A user with the same user name or email aleady exists.","Uporabnik z enakim uporabniškim imenom ali E-pošto že obstaja."
"API Key","API ključ"
"API Key Confirmation","Potrditev API ključa"
"Abandoned Carts","Zapuščene košarice"
"About the calendar","O koledarju"
"Access Denied","Dostop zavrnjen"
"Access denied","Dostop zavrnjen"
"Access denied.","Dostop zavrnjen."
"Account Created in:","Račun ustvarjen v:"
"Account Created on (%s):","Račun ustvarjen (%s):"
"Account Created on:","Račun ustvarjen:"
"Account Information","Podatki o računu"
"Account Status","Stanje računa"
"Account status","Stanje računa"
"Action","Aktivnost"
"Actions","Aktivnosti"
"Actions XML","Aktivnosti XML"
"Active","Aktivno"
"Add","Dodaj"
"Add Contents Path","Dodaj vsebino"
"Add Exception","Dodaj izjemo"
"Add Field Mapping","Dodaj preslikavo polj"
"Add Field with URL:","Dodaj polje z URL:"
"Add New Image","Dodaj novo sliko"
"Add New Profile","Dodaj nov profil"
"Add New Role","Dodaj novo vlogo"
"Add New Template","Dodaj novo predlogo"
"Add New URL Rewrite","Dodaj novo URL pravilo"
"Add New User","Dodaj novega uporabnika"
"Add New Variable","Dodaj novo spremenljivko"
"Add New osCommerce Profile","Dodaj nov osCommerce profil"
"Add PHP Extension dependency","Dodaj odvisnost PHP razširitve"
"Add Package dependency","Dodaj odvisnost paketa"
"Add URL Rewrite","Dodaj URL pravilo"
"Add URL Rewrite for a Category","Dodaj URL pravilo za kategorijo"
"Add URL Rewrite for a Product","Dodaj URL pravilo za izdelek"
"Add after","Dodaj po"
"Additional Cache Management","Dodatno upravljanje s predpomnilnikom"
"Address Type:","Tip naslova:"
"Admin","Administrator"
"Advanced Admin Section","Napredni administratorjev oddelek"
"Advanced Profiles","Napredni profili"
"Advanced Section","Napredni oddelki"
"All","Vse"
"All Allowed Countries","Vse dovoljene države"
"All Cache","Celoten predpomnilnik"
"All Files","Vse datoteke"
"All Reviews","Vse ocene"
"All Store Views","Vsi pogledi trgovine"
"All Tags","Vse oznake"
"All Websites","Vse spletne strani"
"All countries","Vse države"
"All fields","Vsa polja"
"All possible rates were fetched, please click on ""Save"" to apply","Vse možne stopnje so bile pridobljene, kliknite "" Shrani"" za uporabo."
"All rates were fetched, please click on ""Save"" to apply","Vse stopnje so bile pridobljene, kliknite "" Shrani"" za uporabo."
"All valid rates have been saved.","Vse veljavne stopnje so bile shranjene."
"Amounts","Zneski"
"An error occurred while clearing the JavaScript/CSS cache.","Prišlo je do napake med čiščenjem JavaScript/CSS predpomnilnika."
"An error occurred while clearing the image cache.","Prišlo je do napake med čiščenjem slike predpomnilnika."
"An error occurred while creating the backup.","Prišlo je do napake med izdelavo varnostne kopije."
"An error occurred while deleting email template data. Please review log and try again.","Prišlo je do napake med brisanjem podatkov E-poštne predloge. Prosimo preverite dnevnik in poskusite znova."
"An error occurred while deleting this role.","Prišlo je do napake med brisanjem vloge"
"An error occurred while deleting this set.","Prišlo je do napake med brisanjem tega niza."
"An error occurred while deleting this template.","Prišlo je do napake med brisanjem predloge."
"An error occurred while finishing process. Please refresh the cache","Prišlo je do napake med dokončevanjem postopka. Prosimo osvežite predpomnilnik."
"An error occurred while rebuilding the CatalogInventory Stock Status.","Prišlo je do napake med ponovnim grajenjem stanja zaloge kataloga."
"An error occurred while rebuilding the catalog index.","Prišlo je do napake med ponastavlanjem kazala kataloga."
"An error occurred while rebuilding the flat catalog category.","Prišlo je do napake med ponastavljanjem nepovezanih kategorij kataloga."
"An error occurred while rebuilding the flat product catalog.","Prišlo je do napake med ponastavljanjem nepovezanih kategorij izdelkov."
"An error occurred while rebuilding the search index.","Prišlo je do napake med ponastavljanjem kazala iskanj."
"An error occurred while refreshing the Catalog Rewrites.","Prišlo je do napake med osveževanjem pravil kataloga."
"An error occurred while refreshing the Layered Navigation indices.","Prišlo je do napake med osveževanjem indikatorjev večplastne navigacije."
"An error occurred while refreshing the catalog rewrites.","Prišlo je do napake med osveževanjem pravil kataloga."
"An error occurred while refreshing the layered navigation indices.","Prišlo je do napake med osveževanjem indikatorjev večplastne navigacije."
"An error occurred while saving account.","Prišlo je do napake med shranjevanjem računa."
"An error occurred while saving the customer.","Prišlo je do napake med shranjevanjem stranke."
"An error occurred while saving this configuration:","Prišlo je do napake med shranjevanjem te konfiguracije:"
"An error occurred while saving this role.","Prišlo je do napake med shranjevanjem te vloge."
"An error occurred while saving this template.","Prišlo je do napake med shranjevanjem te predloge."
"An error occurred while updating the selected review(s).","Prišlo je do napake med posodabljanjem izbranih mnenj."
"Any","Katerikoli"
"Any Attribute Set","Katerakoli skupina atributov"
"Any Group","Katerakoli skupina"
"Any Status","Katerokoli stanje"
"Any Store","Katerakoli trgovina"
"Any Type","Katerikoli tip"
"Any Visibility","Katerakoli vidljivost"
"Archive file name:","Arhivsko ime datoteke."
"Are you sure that you want to delete this template?","Ali ste prepričani, da želite izbrisati to predlogo?"
"Are you sure that you want to strip tags?","Ali ste prepričani, da želite skrajšati oznako?"
"Are you sure you want to do this?","Ali ste prepričani, da želite to narediti?"
"Area","Področje"
"Assigned","Dodeljeno"
"Associated Tags","Povezane oznake"
"Attribute Set Name:","Ime skupine atributov:"
"Attributes","Atributi"
"Authors","Avtorji"
"Automatic","Samodejno"
"Available Products","Izdelki na voljo"
"Average Order Amount","Povprečen znesek naročila"
"Average Orders","Povprečna naročila"
"Back","Nazaj"
"Back to Login","Nazaj na prijavo"
"Backup","Varnostna kopija"
"Backup record was deleted.","Zapis varnostne kopije je odstranjen."
"Backups","Varnostne kopije"
"Base currency","Osnovna valuta"
"Bcc","Skrita kopija"
"Bestsellers","Najbolj prodajano"
"Big Image","Velika slika"
"Billing Address","Naslov za plačilo"
"Billing Address: ","Naslov za plačilo:"
"Billing Agreement","Pogodba o plačevanju"
"Billing Agreements","Pogodbe o plačevanju"
"Block Information","Informacije o blokiranju"
"Both (without and with tax)","Oboje (brez in z DDV)"
"Both IPN and PDT","Tako IPN kot tudi PDT"
"Browse Files...","Išči datoteke …"
"Bundle Items","Povezani izdelki"
"Bundle with dynamic pricing cannot include custom defined options. Options will not be saved.","Komplet z dinamično oblikovanimi cenami ne more vključevati opredeljenih možnosti po meri. Možnosti ne bodo shranjene."
"CMS","CMS"
"CRITICAL","KRITIČNO"
"CSV","CSV"
"CSV / Tab separated","CSV / Ločeno s tabulatorjem"
"Cache Control","Nadzor predpomnilnika"
"Cache Control (beta)","Nadzor predpomnilnika (beta)"
"Cache Management","Urejanje predpomnilnika"
"Cache Type","Tip predpomnilnika"
"Cancel","Prekliči"
"Cannot add new comment.","Ne morem dodati novega komentarja."
"Cannot add tracking number.","Ne morem dodati številke sledenja"
"Cannot create an invoice without products.","Ne morem ustvariti računa brez izdelkov."
"Cannot create credit memo for the order.","Ne morem ustvariti dobropisa za naročilo."
"Cannot delete the design change.","Ne morem odstraniti sprememb oblikovanja."
"Cannot delete tracking number.","Ne morem odstraniti številke sledenja."
"Cannot do shipment for the order separately from invoice.","Dokument o dostavi ni možno kreirati ločeno od računa."
"Cannot do shipment for the order.","Dokument o dostavi ni možno kreirati za naročilo."
"Cannot find the email address.","Ne najdem E-poštnega naslova."
"Cannot initialize shipment for adding tracking number.","Ne morem inicializirati dokumenta o dostavi za dodajanje številke sledenja."
"Cannot initialize shipment for delete tracking number.","Ne morem inicializirati dokumenta o dostavi za odstranjevanje številke sledenja."
"Cannot load track with retrieving identifier.","Ne morem naložiti sledi z identifikatorjem pridobivanja"
"Cannot retrieve tracking number detail.","Ne morem pridobiti podrobnosti številke sledenja."
"Cannot save shipment.","Ne morem shraniti dokumenta o dostavi."
"Cannot save the credit memo.","Ne morem shraniti dobropisa."
"Cannot send shipment information.","Ne morem poslati podatkov o pošiljki."
"Cannot update item quantity.","Ne morem posodobiti količine izdelkov."
"Cannot update the item\'s quantity.","Ne morem posodobiti količine izdelkov."
"Card Verification Number","Potrditvena številka kartice"
"Catalog","Katalog"
"Catalog Price Rules","Pravila cen kataloga"
"Catalog Rewrites","Pravila kataloga"
"Categories","Kategorije"
"Category:","Kategorija:"
"Channel","Kanal"
"Chart is disabled. If you want to enable chart, click <a href=""%s"">here</a>.","Tabela je onemogočena. Če želite omogočiti tabelo, kliknite <a href=""%s"">tukaj</a>."
"Checkbox","Potrditveno polje"
"Child Transactions","Podrejene transakcije"
"Choose Store View","Izberi pogled trgovine"
"Choose an attribute","Izberi atribut"
"Chosen product does not associated with any website.","Izbrani izdelki niso v povezavi z nobeno trgovino."
"Clear","Počisti"
"Close","Zapri"
"Comment text field cannot be empty.","Polje besedila komentarja ne more biti prazno. "
"Comments History","Zgodovina komentarjev"
"Complete","Zaključeno"
"Configuration","Konfiguracija"
"Confirmed email:","Potrjena E-pošta:"
"Connect with the Magento Community","Poveži se z Magento skupnoostjo"
"Contents","Vsebina"
"Convert to Plain Text","Pretvori v golo besedilo"
"Cookie (unsafe)","Piškotek (nevarno)"
"Country","Država"
"Country:","Država:"
"Coupons","Kuponi"
"Create","Ustvari"
"Create DB Backup","Ustvari DB varnostno kopijo"
"Create New Attribute","Ustvari nov atribut"
"Create URL Rewrite:","Ustvari URL pravilo:"
"Created At","Ustvarjeno"
"Credit Card Number","Številka kreditne kartice"
"Credit Card Number: xxxx-%s","Številka kreditne kartice: xxxx-%s"
"Credit Card Type","Tip kreditne kartice"
"Credit Card Type: %s","Tip kreditne kartice: %s"
"Credit Memo History","Zgodovina dobropisov"
"Credit Memo Totals","Seštevek dobropisov"
"Credit Memos","Dobropisi"
"Credit memo #%s comment added","Dobropisu #%s je dodan komentar"
"Credit memo #%s created","Ustvarjen dobropis #%s "
"Credit memo\'s total must be positive.","Seštevek dobropisov mora biti pozitiven"
"Currency","Valuta"
"Currency Information","Podatki o valuti"
"Currency Setup Section","Oddelek z nastavitvami valute"
"Current Configuration Scope:","Trenutno področje konfiguracije:"
"Current Month","Tekoči mesec"
"Custom","Po meri"
"Custom Variable ""%s""","Spremenljivka po meri""%s"""
"Custom Variables","Spremenljivke po meri"
"Customer","Stranka"
"Customer Group:","Skupina stranke"
"Customer Groups","Skupine stranke"
"Customer Name","Ime stranke"
"Customer Reviews","Mnenja stranke"
"Customer Shopping Carts","Nakupovalne košarice stranke"
"Customer Since:","Stranka od:"
"Customer Tax Classes","Davčna stopnja stranke"
"Customer with the same email already exists.","Stranka s tem elektronskim naslovom že obstaja."
"Customers","Stranke"
"Customers by Number of Orders","Stranke po številu naročil"
"Customers by Orders Total","Stranke po seštevku naročil"
"DHTML Date/Time Selector","DHTML Date/Time izbirnik"
"Dashboard","Nadzorna plošča"
"Data Format","Format podatkov"
"Data transfer:","Prenos podatkov:"
"Date","Datum"
"Date & Time","Datum in čas"
"Date Added","Datum vpisa"
"Date Updated","Datum posodobitve"
"Date selection:","Izbira datuma:"
"Date selector","Izbira datuma"
"Day","Dan"
"Decimal separator:","Decimalno ločilo:"
"Default (Admin) Values","Privzete (adiministratorjeve) vrednosti"
"Default Billing Address","Privzet naslov za plačilo"
"Default Config","Privzete nastavitve"
"Default Template from Locale","Privzeta predloga lokalnih parametrov"
"Default Values","Privzete vrednosti"
"Default display currency ""%s"" is not available in allowed currencies.","Privzeta prikazana vrednost ""%s"" ni na voljo med dovoljenimi valutami."
"Default scope","Privzeto področje"
"Delete","Odstrani"
"Delete %s","Odstrani %s"
"Delete %s '%s'","Odstrani %s '%s'"
"Delete File","Odstrani datoteko"
"Delete Image","Odstrani sliko"
"Delete Profile","Odstrani profil"
"Delete Role","Odstrani vlogo"
"Delete Store","Odstrani trgovino"
"Delete Store View","Odstrani pogled trgovine"
"Delete Template","Odstrani predlogo"
"Delete User","Odstrani uporabnika"
"Delete Website","Odstrani spletno stran"
"Description","Opis"
"Design","Oblikovanje"
"Design Section","Oddelek za oblikovanje"
"Details","Podrobnosti"
"Developer Section","Oddelek za razvijalce"
"Direction:","Smer:"
"Disable","Onemogoči"
"Disabled","Onemogočeno"
"Display %s first","Najprej prikaži %s "
"Display default currency","Prikaži privzeto valuto"
"Distributed under GNU LGPL. See %s for details.","Distribuirano po GNU LGPL. Glej %s detajle."
"Do you really want to KILL parallel process and start new indexing process?","Ali res želite ZAPRETI vzporedne procese in začeti z novim indeksiranjem?"
"Download","Prenos"
"Downloads","Prenosi"
"Drag to move","Povleci za premik"
"Drop-down","Spustni meni"
"Edit","Uredi"
"Edit Design Change","Uredi spremembe oblikovanja"
"Edit Email Template","Uredi predlogo E-pošte"
"Edit Poll","Uredi anketo"
"Edit Queue","Uredi čakalno vrsto"
"Edit Review","Uredi mnenje"
"Edit Role","Uredi vlogo"
"Edit Store View","Uredi pogled trgovine"
"Edit System Template","Uredi sistemsko predlogo"
"Edit Template","Uredi predlogo"
"Edit URL Rewrite","Uredi URL pravilo"
"Edit User","Uredi uporabnika"
"Edit User '%s'","Uredi uporabnika '%s'"
"Edit Website","Uredi spletno stran"
"Email","E-pošta"
"Email Address:","E-poštni naslov:"
"Email Preview","Predogled E-pošte"
"Email to a Friend","Polji E-pošto prijatelju"
"Email:","E-pošta:"
"Enable","Omogoči"
"Enabled","Omogočeno"
"Enclose Values In:","Vključi vrednosti v:"
"Entity Type","Tip objekta"
"Entity type:","Tip objekta:"
"Excel","Excel"
"Excl. Tax","Brez DDV"
"Expiration Date","Datum veljavnosti"
"Expiration Date: %s/%s","Datum veljavnosti: %s/%s"
"Export","Izvoz"
"Export CSV","Izvoz v CSV"
"Export Filters","Izvoz filtrov"
"Export to:","Izvozi v:"
"Export:","Izvoz:"
"Extension","Razširitev"
"Extensions","Razširitve"
"FTP Host[:Port]","FTP gostitelj[:Port]"
"Failed to add a product to cart by id ""%s"".","Napaka pri dodajanju izdelka v košarico z ID""%s""."
"Failed to cancel the billing agreement.","Napaka pri preklicu pogodbe o plačevanju."
"Failed to clear the JavaScript/CSS cache.","Napaka pri čiščenju JavaScript/CSS predpomnilnika."
"Failed to delete the billing agreement.","Napaka pri odstranjevanju pogodbe o plačevanju"
"Failed to update the profile.","Napaka pri posodobitvi profila."
"Field","Polje"
"Field Mapping","Preslikava polj"
"File","Datoteka"
"File Information","Podatki o datoteki"
"File name:","Ime datoteke:"
"File size should be more than 0 bytes","Velikost datoteke bi morala biti večja od 0 bytov"
"Files","Datoteke"
"Final Price","Končna cena"
"Finished profile execution.","Izvedba profila končana."
"First Invoice Created Date","Datum izdaje prvega računa"
"First Name","Ime"
"First Name is required field.","Ime je zahtevano polje"
"First Name:","Ime:"
"Fixed","Fiksno"
"Flush Catalog Images Cache","Sprazni predpomnilnik kataloga slik"
"Flush JavaScript/CSS Cache","Sprazni JavaScript/CSS predpomnilnik"
"For category","Za kategorijo"
"For latest version visit: %s","Za zadnjo verzijo obišči: %s"
"For product","Za izdelek"
"Forgot your password?","Ste pozabili vaše geslo ?"
"Forgot your user name or password?","Ste pozabili vaše uporabniško ime ali geslo?"
"From","Od"
"GLOBAL","GLOBALNO"
"Gb","Gb"
"General Information","Splošni podatki"
"General Section","Splošni oddelek"
"Get Image Base64","Dobi sliko Base64"
"Get help for this page","Poišči pomoč za to stran"
"Global Attribute","Globalni atribut"
"Global Record Search","Globalno iskanje"
"Global Search","Globalno iskanje"
"Go Today","Pojdi danes"
"Google Base","Google Base"
"Google Base Items","Google Base izdelki"
"Google Sitemaps","Google zemljevid strani"
"Grand Total","Skupni znesek"
"Grid (default) / List","Mreža ( privzeto )/ seznam"
"Grid Only","Samo mreža"
"Group:","Skupina:"
"Go to messages inbox","Pojdi v poštni nabiralnik"
"Guest","Gost"
"HTTP (unsecure)","HTTP (nezavarovano)"
"HTTPS (SSL)","HTTPS (SSL)"
"Help Us Keep Magento Healthy - Report All Bugs","Pomagajte nam ohraniti Magento zdrav - prijavite vse hrošče"
"Home","Domov"
"ID","ID"
"ID Path","ID pot"
"IP Address","IP naslov"
"IPN (Instant Payment Notification) Only","IPN (Instant Payment Notification)"
"If this message persists, please contact the store owner.","Če se to sporočilo pojavi večkrat, prosimo, kontaktirajte lastnika trgovine."
"Ignore","Prezri"
"Images","Slike"
"Images (.gif, .jpg, .png)","Slike (.gif, .jpg, .png)"
"Images Cache","Predpomnilnik slik"
"Import","Uvoz"
"Import Service","Uvozna storitev"
"Import and Export","Uvoz in izvoz"
"Import and Export Tax Rates","Uvoz in izvoz davčnih stopenj"
"Import/Export","Uvoz/izvoz"
"Import/Export Advanced","Napredni uvoz/izvoz"
"Import/Export Profile","Uvozi/izvozi profil"
"Imported <strong>%s</strong> records","Uvoženi <strong>%s</strong> zapisi"
"In","V"
"In Database:","V podatkovni bazi"
"In File:","V datoteki:"
"Inactive","Neaktivno"
"Incl. Tax","Z DDV"
"Include","Vključno z"
"Incoming Message","Prihajajoče sporočilo"
"Insert Variable...","Vstavi spremenljivko ..."
"Interactive","Interaktivno"
"Interface Locale: %s","Jezikovni vmesnik: %s"
"Invalid Form Key. Please refresh the page.","Neveljavna oblika ključa. Prosimo, osvežite stran."
"Invalid Import Service Specified","Navedena je neveljavna uvozna storitev."
"Invalid POST data (please check post_max_size and upload_max_filesize settings in your php.ini file).","Neveljaven POST podatkov (prosimo preverite post_max_size and upload_max_filesize nastavitve v vaši php.ini datoteki)."
"Invalid Secret Key. Please refresh the page.","Neveljaven skrivni ključ. Prosmo, osvežite stran."
"Invalid Username or Password.","Neveljavno uporabniško ime ali geslo."
"Invalid directory: %s","Neveljaven imenik: %s"
"Invalid email address ""%s"".","Neveljaven e-poštni naslov ""%s""."
"Invalid file: %s","Neveljavna datoteka: %s"
"Invalid input data for %s => %s rate","Neveljaven vnos podatkov za %s => %s stopnjo"
"Invalid parent block for this block","Neveljaven nadrejeni blok za ta blok"
"Invalid parent block for this block.","Neveljaven nadrejeni blok za ta blok."
"Invalid sender name ""%s"". Please use only visible characters and spaces.","Neveljavno ime pošiljatelja ""%s"". Prosimo, uporabite samo vidne znake in presledke."
"Invalidated","Razveljavljeno"
"Inventory Stock Status","Stanje zaloge"
"Invoice #%s comment added","Računu #%s je dodan komentar"
"Invoice #%s created","Račun #%s je ustvarjen"
"Invoice History","Zgodovina računov"
"Invoice Totals","Skupaj vsi računi"
"Invoice canceling error.","Napaka pri preklicu računa"
"Invoice capturing error.","Napaka pri zajemu računa."
"Invoice voiding error.","Napaka pri razveljavitvi računa."
"Invoices","Računi"
"Is Closed","Zaprto"
"Issue Number","Številka izdaje"
"Issuer: %s","Izdajatelj: %s"
"Items","Izdelki"
"JavaScript/CSS","JavaScript/CSS"
"JavaScript/CSS Cache","JavaScript/CSS predpomnilnik"
"Kb","Kb"
"Last 24 Hours","Zadnjih 24 ur"
"Last 5 Orders","Zadnjih 5 naročil"
"Last 5 Search Terms","Zadnjih 5 iskanih izrazov"
"Last 7 Days","Zadnjih 7 dni"
"Last Credit Memo Created Date","Datum zadnjega dobropisa"
"Last Invoice Created Date","Datum zadnjega računa"
"Last Logged In (%s):","Nazadnje prijavljen (%s):"
"Last Logged In:","Nazadnje prijavljen:"
"Last Name","Priimek"
"Last Name is required field.","Priimek je zahtevano polje"
"Last Name:","Priimek:"
"Last updated: %s. To refresh last day\'s <a href=""%s"">statistics</a>, click <a href=""%s"">here</a>.","Nazadnje osveženo: %s. Za osvežitev <a href=""%s"">statistika</a>zadnjega dne, klikni <a href=""%s"">tukaj</a>."
"Latest Message:","Zadnje sporočilo:"
"Layered Navigation Indices","Indeksi večplastne navigacije"
"Layered Navigation Indices were refreshed.","Indeksi večplastne navigacije so bili osveženi"
"Leave empty to use tax identifier","Pustite prazno, če želite uporabiti davčno številko "
"Lifetime Sales","Celotna prodaja"
"Lifetime statistics have been updated.","Celotna statistika je bila posodobljena."
"Links","Povezave"
"Links with associated products will retain only after saving current product.","Povezave s povezanimi izdelki se bodo ohranile le po shranjevnaju trenutnega izdelka. "
"List (default) / Grid","Spisek (privzeto)/ mreža"
"List Only","Samo spisek"
"Load Template","Naloži predlogo"
"Load default template","Naloži privzeto predlogo"
"Loading...","Nalagam ..."
"Local Server","Lokalni strežnik"
"Local/Remote Server","Lokalni/oddaljeni strežnik"
"Locale","Jezik"
"Log Out","Odjava"
"Log in to Admin Panel","Prijava v administratorjevo nadzorno ploščo"
"Log into Magento Admin Page","Prijava v Magento administratorjevo stran"
"Logged in as %s","Prijavljen kot %s"
"Login","Prijava"
"Low Stock","Nizka zaloga"
"MAJOR","VEČJE"
"MINOR","MANJŠE"
"MS Excel XML","MS Excel XML"
"Magento Admin","Magento administrator"
"Magento Commerce - Administrative Panel","Magento Commerce - administratorjeva nadzorna plošča"
"Magento Connect","Magento Connect"
"Magento Connect Manager","Magento Connect Manager"
"Magento Logo","Magento Logo"
"Magento is a trademark of Magento Inc. Copyright &copy; %s Magento Inc.","Magento je blagovna znamka Magento Inc. Avtorske pravice; %s Magento Inc."
"Magento ver. %s","Magento verzija. %s"
"Magento&trade; is a trademark of Magento Inc.<br/>Copyright &copy; %s Magento Inc.","Magento&trade; je blagovna znamka Magento Inc.<br/>Avtorske pravice; %s Magento Inc."
"Make sure that data encoding in the file is consistent and saved in one of supported encodings (UTF-8 or ANSI).","Prepričajte se, da je kodiranje v datoteki dosledno in shranjeno v enem od podprtih kodiranj (UTF-8 or ANSI)."
"Manage Attribute Sets","Uredi skupine atributa"
"Manage Attributes","Uredi atribute"
"Manage Categories","Uredi kategorije"
"Manage Content","Uredi vsebino"
"Manage Currency Rates","Uredi "
"Manage Customers","Uredi stranke"
"Manage Ratings","Uredi ocene"
"Manage Stores","Uredi trgovine"
"Manage Tax Rules","Uredi davčna pravila"
"Manage Tax Zones and Rates","Uredi davčne cone in stopnje"
"Manage osCommerce Orders","Uredi osCommerce naročila"
"Manage osCommerce Profiles","Uredi osCommerce profile"
"Manual","Priročnik"
"Matched Expression","Ujemajoči izrazi"
"Max","Največ"
"Mb","Mb"
"Media (.avi, .flv, .swf)","Mediji (.avi, .flv, .swf)"
"Messages Inbox","Prejeta sporočila"
"Min","Minimalno"
"Month","Mesec"
"Most Viewed","Največkrat ogledani"
"Most Viewed Products","Največkrat ogledani izdelki"
"Multiple Select","Večkratna izbira"
"My Account","Moj račun "
"N/A","N/A"
"NOTICE","OBVESTILO"
"Name","Ime"
"Name on Card","Ime na kartici"
"Name on the Card: %s","Ime na kartici: %s"
"Name:","Ime"
"New ","Novo"
"New API Key","Nov API ključ"
"New Accounts","Novi računi"
"New Attribute","Nov atribut"
"New Block","Nov blok"
"New Category","Nova kategorija"
"New Class","Nov razred"
"New Condition","Nov pogoj"
"New Custom Variable","Nova spremenljivka po meri"
"New Customer","Nova stranka"
"New Customers","Nove stranke"
"New Design Change","Nova sprememba oblikovanja"
"New Email Template","Nova predloga E-pošte"
"New Group","Nova skupina"
"New Invoice","Nov račun"
"New Item Type","Nov tip izdelka"
"New Memo","Nova beležka"
"New Memo for #%s","Nova beležka za #%s"
"New Page","Nova stran"
"New Password","Novo geslo"
"New Poll","Nova anketa"
"New Profile","Nov profil"
"New Rate","Nova stopnja"
"New Rating","Nova ocena"
"New Review","Novo mnenje"
"New Role","Nova vloga"
"New Rule","Novo pravilo"
"New Search","Novo iskanje"
"New Set","Nov niz"
"New Shipment","Nova pošiljka"
"New Sitemap","Nov zemljevid strani"
"New Store View","Nov pogled na trgovino"
"New System Template","Nova sistemska predloga"
"New Tag","Nova oznaka"
"New Template","Nova predloga"
"New User","Nov uporabnik"
"New Variable","Nova spremenljivka"
"New Website","Nova spletna stran"
"New admin password","Novo administratorjevo geslo"
"Newsletter","E-novice"
"Newsletter Problems","Težave E-novic"
"Newsletter Queue","Čakalna vrsta E-novic"
"Newsletter Subscribers","Naročniki na E-novice"
"Newsletter Templates","Predloge E-novic"
"Next month (hold for menu)","Naslednji mesec (zadrži klik za meni)"
"Next page","Naslednja stran"
"Next year (hold for menu)","Naslednje leto (zadrži klik za meni)"
"No","Ne"
"No (price without tax)","Ne (cena brez davka)"
"No Data Found","Podatki niso najdeni"
"No Templates Found","Predloga ni najdena"
"No change","Ni sprememb"
"No information available.","Podatki niso na voljo"
"No profile loaded...","Naložen ni noben profil ..."
"No records found for this period.","Nobenih podatkov za to obdobje ni bilo najdenih."
"No records found.","Ni najdenih zapisov."
"No report code specified.","Koda poročila ni določena."
"No search keywords.","Ni ključnih besed iskanja"
"No search modules were registered","Iskalni moduli niso registrirani"
"None","Noben"
"Note:","Opomba:"
"Notes","Opombe"
"Notifications","Obvestila"
"Number of Orders","Število naročil"
"Number of Uses","Število uporab"
"Number of records:","Število zapisov:"
"Old rate:","Stara stopnja:"
"One or more of the Cache Types are invalidated:","En ali več tipov predpomnilnika so nepreverjeni:"
"Online Customers","Spletne stranke"
"Only attributes with scope ""Global"", input type ""Dropdown"" and Use To Create Configurable Product ""Yes"" are available.","Na voljo so samo atributi s področjem ""Globalno"", tipom vnosa ""Spustni meni"" in Uporabi za ustvarjanje izdelka z možnostjo konfiguracije ""Da""."
"Only mapped fields","Samo mapirana polja"
"Optional","Opcijsko"
"Options","Možnosti"
"Order #%s","Naročilo #%s"
"Order #%s (%s)","Naročilo #%s (%s)"
"Order Created Date","Datum ustvarjenega naročila"
"Order ID","ID naročila"
"Order Totals","Skupaj vsa naročila"
"Order Updated Date","Datum posodobitve naročila"
"Order Updated Date report is real-time, does not need statistics refreshing.","Poročilo o datumu posodobitve naročila je v realnem času in ne potrebuje osveževanja statistike.  "
"Order cannot be placed.","Naročilo ne more biti oddano."
"Orders","Naročila"
"Original Magento attribute names in first row:","Originalna Magento imena atributov v prvi vrsti:"
"PDT (Payment Data Transfer) Only","Samo PDT (Payment Data Transfer)"
"Package","Paket"
"Package Extensions","Razširitev paketa"
"Packages","Paketi"
"Page","Stran"
"Pages","Stani"
"Parent Product Thumbnail","Nadrejena predogledna slika izdelka"
"Parent Transaction ID","ID nadrejene transakcije"
"Passive mode","Pasivni način"
"Password","Geslo"
"Password Confirmation","Potrditev gesla"
"Password confirmation must be same as password.","Potrditev gesla mora biti enako geslu"
"Password must be at least of %d characters.","Geslo mora biti dolgo vsaj %d znakov"
"Password must include both numeric and alphabetic characters.","Geslo mora vsebovati tako abecedne kot tudi numerične znake"
"Password:","Geslo:"
"Path","Pot"
"Path:","Pot:"
"Payment method instance is not available.","Ta način plačila ni na voljo."
"Payment method is not available.","Način plačila ni na voljo."
"Payment method must be specified.","Način plačila mora biti določen."
"Pending Reviews","Čakajoča mnenja"
"Pending Tags","Čakajoče oznake"
"Per Item","Na izdelek"
"Per Order","Na naročilo"
"Percent","Odstotek"
"Performed At","Izvedeno bo"
"Period","Obdobje"
"Permanent (301)","Stalno (301)"
"Permissions","Dovoljenja"
"Personal Information","Osebni podatki"
"Phone:","Telefon:"
"Please Select","Prosimo, izberite"
"Please confirm site switching. All data that hasn\'t been saved will be lost.","Prosimo, potrdite zamenjavo strani. Vsi neshranjeni podatki bodo izgubljeni."
"Please continue with placing order.","Prosimo, nadaljujete z oddajo naročila."
"Please enter 6 or more characters.","Prosimo, vnesite 6 ali več znakov."
"Please enter a number greater than 0 in this field.","Prosimo, vnesite število večje od 0 v to polje."
"Please enter a valid $ amount. For example $100.00.","Prosimo, vnesite veljaven znesek v $. Na primer $100,00"
"Please enter a valid URL. For example http://www.example.com or www.example.com","Prosimo, vnesite veljaven URL. Na primer http://www.primer.com ali www.primer.com"
"Please enter a valid URL. http:// is required","Prosimo, vnesite veljaven URL. http:// je zahtevan"
"Please enter a valid credit card number.","Prosimo, vnesite veljavno številko kreditne kartice."
"Please enter a valid date.","Prosimo, vnesite veljaven datum."
"Please enter a valid email address. For example johndoe@domain.com.","Prosimo, vnesite veljaven elektronski naslov. Na primer janeznovak@domena.com."
"Please enter a valid email.","Prosimo, vnesite veljavno elektronsko pošto."
"Please enter a valid number in this field.","Prosimo, vnesite veljavno številko v to polje."
"Please enter a valid phone number. For example (123) 456-7890 or 123-456-7890.","Prosimo, vnesite veljavno telefonsko številko. Na primer (1) 456-7890 ali 01-456-7890."
"Please enter a valid social security number. For example 123-45-6789.","Prosimo, vnesite veljavno matično številko. Na primer 1311964500044."
"Please enter a valid value from list","Prosimo, vnesite veljavno vrednost iz spiska."
"Please enter a valid value, ex: 10,20,30","Prosimo, vnesite veljavno vrednost, npr: 10,20,30"
"Please enter a valid zip code.","Prosimo, vnesite veljavno poštno številko."
"Please enter a valid zip code. For example 90602 or 90602-1234.","Prosimo, vnesite veljavno poštno številko. Na primer 4000."
"Please enter valid password.","Prosimo, vnesite veljavno geslo."
"Please make sure that all global admin search modules are installed and activated.","Prosimo, prepričajte se, da so vsi globalni administrativni iskalni moduli nameščeni in aktivirani."
"Please make sure that your changes were saved before running the profile.","Prosimo, prepričajte se, da so vaše spremembe shranjene pred zagonom profila.  "
"Please make sure your passwords match.","Prosimo, prepričajte se, da se gesla ujemajo."
"Please select State/Province.","Prosimo, izberite zvezno državo/provinco"
"Please select a customer.","Prosimo, izberite stranko."
"Please select a store.","Prosimo, izberite trgovino."
"Please select an option.","Prosimo, izberite možnost."
"Please select catalog searches.","Prosimo, izberite iskanja kataloga."
"Please select customer(s).","Prosimo, izberite stranko."
"Please select one of the above options.","Prosimo, izberite eno od gornjih možnosti."
"Please select one of the options.","Prosimo, izberite eno od možnosti."
"Please select review(s).","Prosimo, izberite mnenja."
"Please select tag(s).","Prosimo, izberite oznako (oznake)."
"Please specify at least start or end date.","Prodimo, določite vsaj začetni in končni datum."
"Please specify the admin custom URL.","Prosimo, določite administratorjev URL po meri."
"Please try to logout and sign in again.","Prosimo, poskusite se odjaviti in ponovno prijaviti."
"Please use in this field only ""a-z,0-9,_"".","Prosimo, v tem polju uporaljajte samo ""a-z,0-9,_""."
"Please use letters only (a-z) in this field.","Prosimo, v tem polju uporabljajte samo črke (a-z)."
"Please use numbers only in this field. please avoid spaces or other characters such as dots or commas.","Prosimo, uporabljajte samo števila v tem polju. Izognite se presledkom in drugim znakom, kot so vejice in pike."
"Please use only letters (a-z) or numbers (0-9) only in this field. No spaces or other characters are allowed.","Prosimo, uporabljajte samo črke (a-z) ali števila (0-9) v tem polju. Presledki in drugi znaki niso dovoljeni. "
"Please use only letters (a-z) or numbers (0-9) or spaces and # only in this field.","Prosimo, v teh poljih uporabljte le črke (a-z), števila (0-9), presledke ali #. "
"Please use this date format: dd/mm/yyyy. For example 17/03/2006 for the 17th of March, 2006.","Prosimo, uporabite ta datumski format: dd/mm/yyyy. Na primer 17/03/2006 za 17. marec 2006."
"Please wait while the indexes are being refreshed.","Prosimo, počakajte dokler se kazala ne osvežijo."
"Please wait, loading...","Nalagam, prosimo počakajte ..."
"Please wait...","Prosimo počakajte ..."
"Please, add some answers to this poll first.","Prosimo najprej dodajte nekaj odgovorov v to anketo."
"Please, select ""Visible in Stores"" for this poll first.","Prosimo, najprej izberite "" Vidno v trgovinah"" za to anketo."
"Poll Manager","Urejevalnik anket"
"Polls","Ankete"
"Popular","Priljubljene"
"Position of Watermark for %s","Pozicija vodnega žiga za %s"
"Pregenerated product images files.","Predgenerirane slike izdelkov"
"Prev. month (hold for menu)","Prejšnji mesec (zadrži klik za meni)"
"Prev. year (hold for menu)","Prejšnje leto (zadrži klik za meni)"
"Preview","Predogled"
"Preview Template","Predogled predloge"
"Previous page","Prejšnja stran"
"Price","Cena"
"Price alert subscription was saved."," Prijava na Opozorila o ceni je bila shranjena."
"Price:","Cena:"
"Processed <strong>%s%% %s/%d</strong> records","Obdelani <strong>%s%% %s/%d</strong> zapisi"
"Product","Izdelki"
"Product Reviews","Mnenja o izdelku"
"Product Thumbnail Itself","Predogledna slika izdelka"
"Product:","Izdelek:"
"Products","Izdelki"
"Products Bestsellers Report","Poročilo o najbolj prodajanih izdelkih"
"Products Ordered","Naročeni izdelki"
"Products in Carts","Izdelki v košaricah"
"Profile Action","Aktivnost profila"
"Profile Actions XML","Aktivnost profila XML"
"Profile Direction","Smer profila"
"Profile History","Zgodovina profila"
"Profile Information","Podatki profila"
"Profile Name","Ime profila"
"Profile Payments","Plačila profila"
"Profile Schedule","Urnik profila"
"Profile Wizard","Čarovnik profila"
"Profiles","Profili"
"Promo","Promocija"
"Promotions","Promocije"
"Purchased Item","Kupljeni izdelki"
"Qty","Količina"
"Quantity","Količina"
"Queue Refresh","Osvežitev čakalne vrste"
"Queued... Cancel","V čakalni vrsti ... Prekliči"
"Radio Buttons","Radio gumbi"
"Rates","Stopnje"
"Read details","Preberi podrobnosti"
"Rebuild","Ponastavi"
"Rebuild Catalog Index","Ponastavi indeks kataloga"
"Rebuild Flat Catalog Category","Ponastavi nepovezane kategorije kataloga "
"Rebuild Flat Catalog Product","Ponastavi nepovezane izdelke kataloga "
"Recent Orders","Nedavna naročila"
"Recent statistics have been updated.","Nedavna statistika je bila posodobljena"
"Recurring Profile View","Pogled ponavljajočega profila"
"Recursive Dir","Rekurzivni direktorij "
"Redirect","Preusmeri"
"Reference","Referenca"
"Reference ID","ID reference"
"Refresh","Osveži"
"Refresh Now*","Osveži sedaj*"
"Refresh Statistics","Osveži statistiko"
"Region/State","Regija/zvezna država"
"Release","Izdaja"
"Release Stability","Stabilnost izdaje"
"Release Version","Verzija izdaje"
"Remote FTP","Oddaljeni FTP"
"Remove","Odstrani"
"Reports","Poročila"
"Request Path","Zahtevana pot"
"Required","Zahtevano"
"Reset","Ponastavi"
"Reset Filter","Ponastavi filter"
"Resize","Spremeni velikost"
"Resource Access","Dostop vira"
"Resources","Viri"
"Results","Rezultati"
"Retrieve Password","Pridobi geslo"
"Return Html Version","Vrni HTML verzijo"
"Revenue","Prihodek"
"Reviews","Mnenja"
"Reviews and Ratings","Ocene in mnenja"
"Rewrite Rules","Pravila"
"Role ID","ID vloge"
"Role Info","Podatki o vlogi"
"Role Information","Podatki o vlogi"
"Role Name","Ime vloge"
"Role Resources","Viri vloge"
"Role Users","Uporabniki vloge"
"Roles","Vloge"
"Roles Resources","Viri vlog"
"Rotate CCW","Obrni v nasprotni smeri urinega kazalca"
"Rotate CW","Obrni v smeri urinega kazalca"
"Run","Poženi"
"Run Profile","Poženi profil"
"Run Profile Inside This Window","Poženi profil znotraj tega okna"
"Run Profile in Popup","Poženi profil v pojavnem oknu"
"Running... Kill","Teče ... Zapri"
"SKU","Šifra"
"SKU:","Šifra:"
"SSL Error: Invalid or self-signed certificate","SSL napaka: neveljaven ali lastno podpisan certifikat"
"Sales","Prodaja"
"Sales Report","Poročilo prodaje"
"Samples","Vzorci"
"Save","Shrani"
"Save & Generate","Shrani in generiraj"
"Save Account","Shrani račun"
"Save Cache Settings","Shrani nastavitve predpomnilnika"
"Save Config","Shrani konfiguracijo"
"Save Currency Rates","Shrani stopnje valut"
"Save Profile","Shrani profil"
"Save Role","Shrani vlogo"
"Save Template","Shrani predlogo"
"Save User","Shrani uporabnika"
"Save and Continue Edit","Shrani in nadaljuj z urejenjem"
"Search","Išči"
"Search Index","Indeks iskanja"
"Search Term","Iskalni izraz"
"Search Terms","Iskalni izrazi"
"Select","Izberi"
"Select All","Izberi vse"
"Select Category","Izberi kategorijo"
"Select Date","Izberi datum"
"Select Range","Izberi razpon"
"Select Visible","Izberi vidne"
"Select date","Izberi datum"
"Selected allowed currency ""%s"" is not available in installed currencies.","Izbrana dovoljena valuta ""%s"" ni na voljo med nameščenimi valutami."
"Selected base currency is not available in installed currencies.","Izbrana osnovna valuta ni na voljo med nameščenimi valutami."
"Selected default display currency is not available in allowed currencies.","Izbrane privzete valute za prikaz ni na voljo med dovoljenimi valutami."
"Selected default display currency is not available in installed currencies.","Izbrane privzete valute za prikaz ni na voljo med nameščenimi valutami."
"Self-assigned roles cannot be deleted.","Samo-dodeljena vloga ne more biti odstranjena."
"Sender","Pošiljatelj"
"Separate Email","Ločena E-pošta"
"Shipment #%s comment added","Dokumentu o dostavi #%s je bil dodan komentar"
"Shipment #%s created","Dokument o dostavi #%s je bil ustvarjen"
"Shipment Comments","Komentarji pošiljke"
"Shipment History","Zgodovina pošiljke"
"Shipments","Pošiljke"
"Shipping","Dostava"
"Shipping Address","Naslov dostave"
"Shipping Address: ","Naslov dostave:"
"Shipping Origin","Izvor dostave"
"Shipping Price","Cena dostave"
"Shipping address selection is not applicable","Izbor naslova dostave ni mogoče uporabljati."
"Shipping method must be specified.","Način dostave mora biti določen."
"Shipping method selection is not applicable","Izbor načina dostave ni mogoče uporabljati."
"Shopping Cart","Nakupovalna košarica"
"Shopping Cart Price Rules","Pravila cen nakupovalne košarice"
"Shopping Cart from %s","Nakupovalna košarica od %s"
"Show By","Prikaži po"
"Show Report For","Prikaži poročilo za"
"Show Reviews","Prikaži mnenja"
"Sitemap Information","Podatki zemljevida strani"
"Size for %s","Velikost za %s"
"Skip Category Selection","Preskoči izbiro kategorije"
"Some items in this order have different invoice and shipment types. You can create shipment only after the invoice is created.","Nekateri izdelki v tem naročilu imajo drugačen tip računa in dostave. Dokument o dostavi lahko ustvarite šele, ko bo izdelan račun."
"Some of the ordered items do not exist in the catalog anymore and will be removed if you try to edit the order.","Nekateri naročeni izdelki ne obstajajo več v katalogu in bodo odstranjeni, če boste poskušali urejati naročilo."
"Sorry, this feature is coming soon...","Žal, ta funkcija še ni na voljo ..."
"Sort Order","Vrstni red"
"Specific Countries","Določene države"
"Specified","Določeno"
"Specified profile does not exist.","Navedeni profil ne obstaja."
"Spreadsheet Name:","Ime preglednice:"
"Start Date","Začetni datum"
"Start/Reset Validation...","Začni/ponastavi validacijo..."
"Starting profile execution, please wait...","Začetek obdelave profila, prosimo počakajte ... "
"State/Province:","Zvezna država/ provinca"
"Static Blocks","Statični bloki"
"Status","Stanje"
"Status:","Stanje:"
"Stock Quantity:","Količina zaloge:"
"Stock notification was saved.","Obvestilo o zalogi je shranjeno."
"Store","Trgovina"
"Store Email Addresses Section","Oddelek elektronskih naslovov trgovine"
"Store View","Pogled trgovine"
"Store:","Trgovina:"
"Stores","Trgovine"
"Subject","Predmet"
"Submit","Pošlji"
"Subpackage cannot be conflicting.","Podpaket ne more biti nasprotujoč."
"Subtotal","Vmesni seštevek"
"Switch/Solo card issue number: %s","Switch/Solo številka izdaje kartice: %s"
"Switch/Solo card start Date: %s/%s","Switch/Solo datum izdaje: %s/%s"
"Switch/Solo/Maestro Only","Izključno Switch/Solo/Maestro"
"Switch/Solo/Maestro(UK Domestic) Only","Izključno Switch/Solo/Maestro(UK Domestic)"
"Switch/Solo/Maestro(UK Domestic) card issue number: %s","Switch/Solo/Maestro(UK Domestic) številka izdaje kartice: %s"
"Switch/Solo/Maestro(UK Domestic) card start Date: %s/%s","Switch/Solo/Maestro(UK Domestic) datum izdaje: %s/%s"
"System","Sistem"
"System Section","Oddelek sistema"
"Tags","Oznake"
"Target","Cilj"
"Target Path","Pot cilja"
"Tax","Davek"
"Tb","Tb"
"Template","Predloga"
"Template Content","Vsebina predloge"
"Template Information","Podatki predloge"
"Template Name","Ime predloge"
"Template Styles","Stili predloge"
"Template Subject","Predmet predloge"
"Template Type","Tip predloge"
"Temporary (302)","Začasno (302)"
"Terms and Conditions","Pogoji in pravila"
"Text","Besedilo"
"The Catalog Rewrites were refreshed.","Pravila kataloga so osvežena."
"The CatalogInventory Stock Status has been rebuilt.","Stanje zaloge kataloga je bilo obnovljeno. "
"The Comment Text field cannot be empty.","Polje za besedilo komentarja ne more biti prazno."
"The Flat Catalog Product was rebuilt","Katalog nepovezanih produktov je bil obnovljen."
"The JavaScript/CSS cache has been cleaned.","Predpomnilnik JavaScript/CSS je bil očiščen."
"The JavaScript/CSS cache has been cleared.","Predpolnilnik JavaScript/CSS je bil izpraznjen."
"The Layered Navigation indexing has been queued.","Indeksiranje večplastne navigacije je bilo postavljeno v čakalno vrsto."
"The Layered Navigation indexing queue has been canceled.","Čakalna vrsta indeksiranja večplastne navigacije je bila preklicana."
"The Layered Navigation indices were refreshed.","Indeksi večplastne navigacije so osveženi."
"The Layered Navigation process has been queued to be killed.","Postopek večplastne navigacije je bil postavljen v čakalno vrsto za zapiranje."
"The Magento cache storage has been flushed.","Magento shramba predpomnilnika je bila spraznjena."
"The URL Rewrite has been deleted.","URL pravila so bila odstranjena."
"The URL Rewrite has been saved.","URL pravila so bila shranjena."
"The account has been saved.","Račun je bil shranjen."
"The archive can be uncompressed with <a href=""%s"">%s</a> on Windows systems","Arhiv je lahko razširjen z <a href=""%s"">%s</a> v Windows sistemu"
"The attribute set has been removed.","Skupina atributov je bila odstranjena."
"The backup has been created.","Varnostna kopija je bila ustvarjena."
"The billing agreement has been canceled.","Pogodba o plačevanju je bila preklicana."
"The billing agreement has been deleted.","Pogodba o plačevanju je bila odstranjena."
"The cache storage has been flushed.","Shramba predpomnilnika je bila izpraznejna."
"The card has failed verification with the issuer bank.","Potrjevanje kartice ni uspelo pri banki izdajateljici."
"The carrier needs to be specified.","Prevoznik mora biti naveden."
"The catalog index has been rebuilt.","Indeks kataloga je bil obnovljen."
"The catalog rewrites have been refreshed.","Pravila kataloga so bila osvežena."
"The configuration has been saved.","Konfiguracija je bila shranjena."
"The credit memo has been canceled.","Dobropis je bil preklican."
"The credit memo has been created.","Dobropis je bil ustvarjen."
"The credit memo has been voided.","Dobropis je bil razveljavljen."
"The custom variable has been deleted.","Spremenljivka po meri je bila odstranjena."
"The custom variable has been saved.","Spremenljivka po meri je bila shranjena."
"The customer has been deleted.","Stranka je bila odstranjena."
"The customer has been saved.","Stranka je bila shranjena."
"The design change has been deleted.","Oblikovna sprememba je bila odstranjena."
"The design change has been saved.","Oblikovna sprememba je bila shranjena."
"The email address is empty.","Elektronski naslov je prazen."
"The email template has been deleted.","Predloga elektronske pošte je bila odstranjena."
"The email template has been saved.","Predloga elektronske pošte je bila shranjena."
"The flat catalog category has been rebuilt.","Nepovezane kategorije kataloga so bile obnovljene."
"The group node name must be specified with field node name.","Ime skupine vozlišča mora biti določeno z imenom polja vozlišča."
"The image cache was cleaned.","Predpomnilnik slik je bil očiščen."
"The image cache was cleared.","Predpomnilnik slik je bil izpraznjen."
"The information in this tab has been changed.","Podatek v tem zavihku je bil spremenjen."
"The invoice and shipment have been created.","Račun in podatki o dostavi so bili ustvarjeni."
"The invoice has been canceled.","Račun je bil preklican."
"The invoice has been captured.","Račun je bil zajet."
"The invoice has been created.","Račun je bil ustvarjen."
"The invoice has been voided.","Račun je bil razveljavljen."
"The invoice no longer exists.","Račun ne obstaja več."
"The order does not allow creating an invoice.","Naročilo ne dovoli kreirati računa."
"The order no longer exists.","Naročilo ne obstaja več."
"The poll has been deleted.","Anketa je bila odstranjena."
"The poll has been saved.","Anketa je bila shranjena."
"The profile has been deleted.","Profil je bil odstranjen."
"The profile has been saved.","Profil je bil shranjen."
"The profile has been updated.","Profil je bil posodobljen."
"The profile has no changes.","Profil nima sprememb."
"The rating has been deleted.","Ocena je odstranjena."
"The rating has been saved.","Ocena je shranjena."
"The role has been deleted.","Vloga je bila odstranjena."
"The role has been saved.","Vloga je bila shranjena."
"The role has been successfully saved.","Vloga je bila uspešno shranjena."
"The search index has been rebuilt.","Indeks iskanja je bil obnovljen."
"The shipment has been created.","Podatki o dostavi so ustvarjeni."
"The shipment has been sent.","Podatki o dostavi so bili poslani."
"The tag has been deleted.","Oznaka je bila odstranjena."
"The tag has been saved.","Oznaka je bila shranjena."
"The user has been deleted.","Uporabnik je bil odstranjen."
"The user has been saved.","Uporabnik je bil shranjen."
"Themes JavaScript and CSS files combined to one file.","Teme JavaScript in CSS datotek so združene v eno datoteko."
"There has been wrong payment information submitted or time limit has expired. Please, try again.","Posredovan je bil napačen podatek o plačilu ali pa je potekel čas. Prosimo, poskusite znova."
"There is an error in one of the option rows.","V eni izmed vrstic možnosti je napaka."
"This Account is","Ta račun je"
"This Email template no longer exists.","Ta predloga e-pošte ne obstaja več."
"This Role no longer exists","Ta vloga ne obstaja več."
"This Role no longer exists.","Ta vloga ne obstaja več."
"This account is","Ta račun je"
"This account is inactive.","Ta račun je neaktiven."
"This attribute set does not have attributes which we can use for configurable product","Skupina atributov nima atributov, ki bi jih lahko uporabili za nastavljive izdelke. "
"This attribute shares the same value in all the stores","Ta atribut deli enako vrednost v vseh trgovinah."
"This is a demo store. Any orders placed through this store will not be honored or fulfilled.","To je testna trgovina. Naročila, poslana preko te trgovine ne bodo upoštevana in izpolnjena."
"This is a required field.","To je zahtevano polje."
"This product is currently disabled.","Ta izdelek je trenutno onemogočen."
"This report depends on timezone configuration. Once timezone is changed, the lifetime statistics need to be refreshed.","To poročilo je odvisno od konfiguracije časovnega pasu. Ko je časovni pas spremenjen, je potrebno osvežiti statistiko celotnega obdobja trajanja."
"This section is not allowed.","Ta oddelek ni dovoljen."
"This tab contains invalid data. Please solve the problem before saving.","Ta zavihek vsebuje neveljavne podatke. Prosimo, odpravite težavo pred shranjevanjem. "
"This user no longer exists.","Ta uporabnik ne obstaja več."
"Thumbnail","Predogledna slika"
"Time","Čas"
"Time selection:","Izbira časa:"
"Time:","Čas:"
"To","Za"
"Toggle Editor","Preklopi urejevalnik"
"Tools","Orodja"
"Top 5 Search Terms","Najpogostejših 5 iskalnih izrazov"
"Total","Skupaj"
"Total %d records found","Skupaj najdeno %d zapisov"
"Total Invoiced","Skupaj zaračunano"
"Total Order Amount","Skupaj znesek naročil"
"Total Refunded","Skupaj povrnjeno"
"Total of %d record(s) have been deleted.","Skupaj %d zapisov je bilo odstranjenih."
"Total of %d record(s) have been updated.","Skupaj %d zapisov je bilo posodobljenih."
"Track Order","Sledenje naročilu"
"Track this shipment","Sledi tej pošiljki."
"Tracking number %s for %s assigned","Dodeljena je številka sledenja %s za %s "
"Tracking number cannot be empty.","Številka sledenja ne more biti prazna."
"Transaction Data","Podatki o transakciji"
"Transaction Details","Podrobnosti transakcije"
"Transaction ID","ID transakacije"
"Transaction Type","Tip transakcije"
"Transactional Emails","Transakcijska E-pošta"
"Transactions","Transakcije"
"Type","Tip"
"Type:","Tip:"
"URL Rewrite","URL pravila"
"URL Rewrite Information","Podatki URL pravil"
"URL Rewrite Management","Urejanje URL pravil"
"Unable to cancel the credit memo.","Ne morem preklicati dobropisa."
"Unable to find a Email Template to delete.","Ne najdem predloge za e-pošto, da bi jo odstranil."
"Unable to find a poll to delete.","Ne najdem ankete, da bi jo odstranil."
"Unable to find a tag to delete.","Ne najdem oznake, da bi jo odstranil."
"Unable to find a user to delete.","Ne najdem uporabnika, da bi ga odstranil."
"Unable to initialize import model","Ne morem začeti z uvozom modela."
"Unable to refresh lifetime statistics.","Ne morem osvežiti statistike celotnega obdobja."
"Unable to refresh recent statistics.","Ne morem osvežiti nedavne statistike."
"Unable to save the cron expression.","Ne morem shraniti Cron izraza."
"Unable to save the invoice.","Ne morem shraniti računa."
"Unable to send the invoice email.","Ne morem poslati računa po elektronski pošti."
"Unable to send the shipment email.","Ne morem poslati dokumenta s podatki o dostavi po elektronski pošti."
"Unable to void the credit memo.","Ne morem razveljaviti dobropisa."
"You have %s unread message(s).","Imate %s, ki so neprebrani."
"Try Magento Go for Free","Preizkusite Magento Go brezplačno"
"Unknown","Neznano"
"Unlimited","Neomejeno"
"Unselect All","Odznači vse"
"Unselect Visible","Odznači vidne"
"Update","Posodobi"
"Updated At","Posodobljeno ob"
"Upload File","Naloži datoteko"
"Upload Files","Naloži datoteke"
"Upload HTTP Error","Napaka HTTP nalaganja"
"Upload I/O Error","Napaka I/O nalaganja"
"Upload Security Error","Napaka pri varnostnem nalaganju"
"Upload import file","Uvozi naloženo datoteko"
"Use All Available Attributes","Uporabi vse atribute, ki so na voljo"
"Use Config Settings","Uporabi konfiguracijske nastavitve"
"Use Default","Uporabi privzeto"
"Use Default Value","Uporabi privzeto vrednost"
"Use Default Variable Values","Uporabi privzeto vrednost spremenljivke"
"Use Website","Uporabi spletno stran"
"Used Currently For","Trenutno uporabljano za"
"Used as Default For","Uporabljeno kot privzeto za"
"User","Uporabnik"
"User Email","Elektronska pošta uporabnika"
"User ID","ID uporabnika"
"User Info","Podatki uporabnika"
"User Information","Podatki uporabnika"
"User Name","Uporabniško ime"
"User Name is required field.","Ime uporabnika je zahtevano polje"
"User Name:","Ime uporabnika:"
"User Role","Uporabnikova vloga"
"User Roles","Uporabnikove vloge"
"User Roles Information","Podatki o uporabnikovih vlogah"
"User name","Ime uporabnika"
"Users","Uporabniki"
"Value","Vrednost"
"Value Delimiter:","Ločilo"
"Variable","Spremenljivka"
"Variable Code","Koda spremenljivke"
"Variable HTML Value","Vrednost HTML spremenljivke"
"Variable ID","ID spremenljivke"
"Variable Name","Ime spremenljivke"
"Variable Plain Value","Običajna vrednost spremenljivke"
"Verification Failed","Potrditev ni uspela."
"Verification Successful","Potrditev je uspela."
"Verification cannot be processed","Potrditev se ne more izvesti"
"View","Pogled"
"View Actions XML","Pogled XML aktivnosti"
"View Full Size","Poglej polno velikost"
"View Memo","Poglej obvestilo"
"View Memo for #%s","Poglej obvestilo #%s"
"View Shipment","Poglej pošiljko"
"View Statistics For","Poglej statistiko za"
"Visibility:","Vidnost:"
"Warning! Empty value can cause problems with CSV format.","Opozorilo! Prazna vrednost lahko povzroči težve s CSV formatom."
"Warning!\r\nThis action will remove this user from already assigned role\r\nAre you sure?","Opozorilo!\r\nTa aktivnost bo odstranila tega uporabnika iz že dodeljene vloge\r\nAli ste prepričani?"
"Warning!\r\nThis action will remove those users from already assigned roles\r\nAre you sure?","Opozorilo!\r\nTa aktivnost bo odstranila te uporabnike iz že dodeljenih vlog\r\nAli ste prepričani?"
"Warning: Please do not close the window during importing/exporting data","Opozorilo: Prosimo, ne zapirajte okna med uvozom/izvozom podatkov. "
"Watermark File for %s","Datoteka vodnega žiga za %s"
"We appreciate our merchants\' feedback, please <a href=""#"" onclick=""surveyAction(\'yes\'); return false;"">take our survey</a> to provide insight on the features you would like included in Magento. <a href=""#"" onclick=""surveyAction(\'no\'); return false;"">Remove this notification</a>","Cenimo odziv naših trgovcev, zato prosimo<a href=""#"" onclick=""surveyAction(\'yes\'); return false;"">izpolnite našo anketo</a> in nam tako predstavite dodatne funkcije, ki bi si jih želeli v Magento. <a href=""#"" onclick=""surveyAction(\'no\'); return false;"">Odstrani to obvestilo.</a>"
"We detected that your JavaScript seem to be disabled.","Zaznali smo, da je lahko vaš JavaScript onemogočen."
"We\'re in our typing table, coding away more features for Magento. Thank you for your patience.","Ustvarjamo nove module in pripravljamo vedno nove funkcionalnosti za Magento. Zahvaljujemo se za vaše potrpljenje."
"Web Section","Oddelek spletne strani"
"Web Services","Spletna storitev"
"Web services","Spletne storitve"
"Website","Spletna stran"
"What is this?","Kaj je to ?"
"Wishlist Report","Poročilo seznama želja"
"Wrong billing agreement ID specified.","Naveden je napačen ID pogodbe o plačevanju."
"Wrong column format.","Napačen format stolpca."
"Wrong newsletter template.","Napačna predloga E-novic."
"Wrong tab configuration.","Napačna konfiguracija zavihka."
"Wrong tag was specified.","Navedena je napačna oznaka."
"Wrong transaction ID specified.","Naveden je napačen ID transakcije."
"XML","XML"
"YTD","YTD"
"Year","Leto"
"Yes","Da"
"Yes (301 Moved Permanently)","Da (301 trajno premaknjeno)"
"Yes (302 Found)","Da (302 najdeno )"
"Yes (only price with tax)","Da (samo cene z DDV)"
"You cannot delete your own account.","Ne morete zbrisati lastnega računa"
"You have","Imate"
"You have logged out.","Uspešno ste se odjavili."
"You have not enough permissions to use this functionality.","Nimate dovolj pooblastil za uporabo te funkcije."
"You must have JavaScript enabled in your browser to utilize the functionality of this website.","Imeti morate omogočen JavaScript v vašem brskalniku za uporabo funkcije te spletne strani."
"You need to specify order items.","Dodati morate izdelke naročila."
"Your answers contain duplicates.","Vaš odgovor vsebuje dvojnike."
"Your server PHP settings allow you to upload files not more than %s at a time. Please modify post_max_size (currently is %s) and upload_max_filesize (currently is %s) values in php.ini if you want to upload larger files.","PHP nastavitve vašega strežnika vam ne dovoljujejo nalaganja več kot %s datotek  hkrati. Prosimo, spremenite vrednosti post_max_size (trenutno je %s) in upload_max_filesize (trenutno je %s) v php.ini če želite naložiti večje datoteke."
"Your web server is configured incorrectly. As a result, configuration files with sensitive information are accessible from the outside. Please contact your hosting provider.","Vaš spletni strežnik ni pravilno konfiguriran. Kot rezultat tega so konfiguracijske datoteke z občutljivo vsebino dostopne od zunaj. Prosimo, kontaktirajte vašega ponudnika gostovanja."
"Zip/Postal Code","Poštna številka"
"Zip/Postal Code:","Poštna številka:"
"[ deleted ]","[ odstranjeno ]"
"[GLOBAL]","[GLOBALNO]"
"[STORE VIEW]","[POGLED TRGOVINE]"
"[WEBSITE]","[SPLETNA STRAN]"
"b","b"
"close","zapri"
"critical","kritično"
"example: ""sitemap/"" or ""/"" for base path (path must be writeable)","primer:""sitemap/"" ali ""/"" za osnovno pot (pot mora biti zapisljiva)"
"example: sitemap.xml","primer: sitemap.xml"
"from","od"
"images/logo.gif","images/logo.gif"
"items selected","izbrani izdelki"
"major","večje"
"minor","manjših"
"notice","obvestil"
"of %s pages","od %s strani"
"per page","na stran"
"store(%s) scope","Obseg trgovine(%s)"
"to","za"
"website(%s) scope","Obseg spletne strani(%s)"
"{{base_url}} is not recommended to use in a production environment to declare the Base Unsecure URL / Base Secure URL. It is highly recommended to change this value in your Magento <a href=""%s"">configuration</a>.","{{base_url}} za uporabo v delovnem okolju ni priporočljivo določiti Base Unsecure URL / Base Secure URL. Močno priporočamo menjavo te vrednosti v vaši Magento administraciji <a href=""%s"">konfiguracija</a>."