"# of Use","# uporabe"
"%1$s incl tax.","%1$s z DDV"
"%s - %s","%s - %s"
"%s Item(s)","Izdelkov: %s"
"(%d)","(%d)"
"(Copy data from: %s)","(Kopiranje podatkov iz: %s)"
"(Will make search for the query above return results for this search.)","(Bo iskalo po zgornji poizvedbi in vrnilo rezultate za to iskanje.)"
"* Required Fields","* Obvezna polja"
"-- Please Select --","-- Prosimo izberite --"
"86400 by default, if not set. To refresh instantly, Clear the Blocks HTML Output Cache.","Privzeto 86400, če ni drugače določeno. Če želite osvežiti takoj, takoj počistite HTML bloke izhodnega predpomnilnika."
"<strong style=""color:red"">Warning!</strong> Applying MAP by default will hide all product prices on the frontend.","<strong style=""color:red"">Opozorilo!</strong> Privzeta uporaba MAP bo skrila vse cene produktov na spletni strani (frontend)."
"A group with the same name already exists.","Skupina z enakim imenom že obstaja."
"A name is required","Ime je zahtevano"
"A product type is not defined for the indexer.","Ni določen tip izdelka za kazalo."
"ALL GROUPS","VSE SKUPINE"
"AM","AM"
"Action","Aktivnost"
"Actual Price","Dejanska cena"
"Add","Dodaj"
"Add Attribute","Dodaj atribut"
"Add Design Change","Dodaj spremembo oblikovanja"
"Add Group","Dodaj skupino"
"Add New","Dodaj novo"
"Add New Attribute","Dodaj nov atribut"
"Add New Attribute Set","Dodaj novo skupino atributa"
"Add New Group","Dodaj novo skupino"
"Add New Images","Dodaj novo sliko"
"Add New Option","Dodaj novo možnost"
"Add New Row","Dodaj novo vrstico"
"Add New Search Term","Dodaj nov iskalni niz"
"Add New Set","Dodaj novo skupino"
"Add Product","Dodaj izdelek"
"Add Product To Websites","Dodaj izdelek na spletno stran"
"Add Root Category","Dodaj korensko kategorijo"
"Add Subcategory","Dodaj podkategorijo"
"Add Tax","Dodaj davek"
"Add Tier","Dodaj nivo"
"Add attribute into attribute set","Dodaj atribut v nastavitve"
"Add group into attribute set","Dodaj skupino v nastavitve atributa"
"Add new custom option into product","Dodaj novo možnost po meri v produkt"
"Add new values into custom option","Dodaj novo vrednost v možnosti po meri"
"Add option","Dodaj možnost"
"Add to Cart","Dodaj v košarico"
"Add to Compare","Dodaj v primerjavo"
"Add to Wishlist","Dodaj na seznam želja"
"Additional Information","Dodatne informacije"
"Alert Urls","URLji za opozorilo"
"All","Vse"
"All Product Types","Vsi tipi izdelkov"
"All Websites","Vse spletne strani"
"All products of this set will be deleted! Are you sure you want to delete this attribute set?","Vsi izdelki iz te nastavitve bodo odstranjeni! Ali ste prepričani, da želite odstraniti to skupino atributov?"
"Allow All Products per Page","Dovoli vse izdelke na stran"
"Allow Dynamic Media URLs in Products and Categories","Dovoli dinamični URL v izdelkih in kategorijah"
"Allow HTML Tags on Frontend","Dovoli HTML oznake na uporabnikovi strani"
"Allowed File Extensions","Dovoljene končnice datotek"
"Allowed file extensions to upload","Dovoljene končnice datotek za nalaganje"
"An error occurred while adding customers for the %s alert. Message: %s","Prišlo je do napake med dodajanjem strank za %s opozorila. Spročilo: %s"
"An error occurred while adding products to websites.","Prišlo je do napake med dodajanjem izdelkov na spletno stran."
"An error occurred while clearing comparison list.","Prišlo je do napake med čiščenjem primerjalnih seznamov."
"An error occurred while deleting this review.","Prišlo je do napake med brisanjem komentarja."
"An error occurred while removing products from websites.","Prišlo je do napake pri odstranjevnaju izdelkov s spletne strani."
"An error occurred while saving the URL rewrite.","Prišlo je do napake med shranjevanjem URL pravil"
"An error occurred while saving the attribute set.","Prišlo je do napake med shranjevanjem skupine atributov."
"An error occurred while saving the collection, aborting. Error message: %s","Prišlo je do napake med shranjevanjem zbirke, prekinjam. Sporočilo napake:%s"
"An error occurred while saving the product. ","Prišlo je do napake med shranjevanjem izdelka."
"An error occurred while saving the search query.","Prišlo je do napake med shranjevanjem poizvedbe."
"An error occurred while saving this group.","Prišlo je do napake med shranjevanjem te skupine."
"An error occurred while trying to delete the category.","Prišlo je do napakem med poskusom odstranjevanja kategorije."
"An error occurred while updating the product(s) attributes.","Prišlo je do napake med posodabljanjem atrbibutov izdelka(ov)."
"An error occurred while updating the product(s) status.","Prišlo je do napake med posodabljanjem stanja izdelkov."
"An invalid group ID is specified, skipping the record.","Neveljavna ID skupina je specificirana, zapis je preskočen."
"An invalid option ID is specified for %s (%s), skipping the record.","Neveljavna izbira ID je določena za  %s (%s), preskoči zapis."
"An invalid store was specified.","Določena je neveljavna trgovina."
"Anchor Custom Text","Zasidraj besedilo po meri"
"Anchor Custom Title","Zasidraj naslov po meri"
"Applicable to catalog products and categories only. Any media content will be inserted into editor as a static URL. It is not updated if the system configuration base URL changes.","Velja samo za izdelke v katalogu in kategorije. Kakršnakoli medijska vsebina bo vstavljena v urejevalnik kot statičen URL. Ne bo posodobljeno, če se konfiguracija osnovnega URL sistema spremeni."
"Apply MAP (Default Value)","Dovoli MAP (Privzeta vrednost)"
"Apply To","Dovoljeno za"
"Approved","Odobreno"
"Are you sure you want to delete this category?","Ali ste prepričani, da želite odstaniti to kategorijo?"
"Are you sure you would like to remove all products from your comparison?","Ali ste prepričani, da želite odstaniti vse izdelke iz vaše primerjave?"
"Are you sure you would like to remove this item from the compare products?","Ali ste prepričani, da želite odstaniti izdelek iz primerjave izdelkov ?"
"Are you sure?","Ali ste prepričani?"
"As low as:","Tako nizko kot:"
"Assign","Določi"
"Assign product link","Določi provezavo izdelka"
"Assign product to category","določi izdelek v kategorijo"
"Assigned Products","Določeni izdelki"
"Associated Products","Povezani izdelki"
"Attrib. Set Name","Ime nastavitve atributov"
"Attribute ""%s"" is invalid.","Atribut ""%s"" je neveljeven."
"Attribute ""%s"" is required.","Atribut ""%s"" je zahtevan."
"Attribute Information","Podatki o atributu"
"Attribute Model","Model atributa"
"Attribute Name:","Ime atributa:"
"Attribute Set","Nastavitev atributa."
"Attribute Sets","Nastavitve atributov"
"Attribute add","Dodajanje atributov"
"Attribute group with the \/name/\"" name already exists""","Skupina atributov z \/ime/\"" ime že obstaja"""
"Attribute remove","Odstrani atribut"
"Attribute with the same code already exists","Atribut z enako kodo že obstaja"
"Attributes","Atributi"
"Attrribute names can be specified per store.","Imena atrbibutov so lahko določena po trgovini"
"Autogenerate","Samodejno generiranje"
"Availability:","Na voljo:"
"Back","Nazaj"
"Backend Model","Model nadzornikove strani"
"Backend Table","Tabela nadzornikove strani"
"Backend Table Title","Naslov tabele nadzornikove strani"
"Backorders","Naknadne dostave"
"Based On","Na podlagi"
"Before Order Confirmation","Pred potrditvijo naročila"
"Best Value","Najboljša vrednost"
"Block after Info Column","Blok po info stolpcu"
"Bottom Block Options Wrapper","Spodnje možnosti blokiranja oboda"
"Bottom/Left","Najboljša vrednost"
"Bottom/Right","Spodaj/desno"
"Browse By","Išči po"
"Bundle Items","Izdelki v paketu"
"Buy %1$s","Kupi %1$s"
"Buy %1$s for","Kupi %1$s za"
"Buy %1$s for %2$s","Kupi %1$s za %2$s"
"Buy %1$s for %2$s (%3$s incl. tax) each","Kupi %1$s za %2$s (%3$s z DDV)vsak"
"Buy %1$s for %2$s each","Kupi %1$s za %2$s vsak"
"Cache Lifetime (Seconds)","Ohrani predpomnilnik (sekunde)"
"Cache refresh needed.","Potrebna je osvežitev predpomnilnika"
"Can be used only with catalog input type Dropdown","Uporabljeno je lahko samo z vnosom spustnega tipa kataloga"
"Can be used only with catalog input type Dropdown, Multiple Select and Price","Uporabljeno je lahko samo z vnosom spustnega tipa kataloga, večkratnim izborom in ceno"
"Can\'t create image.","Slike ni mogoče ustvariti"
"Cannot create image.","Slike ni mogoče ustvariti."
"Cannot create writeable directory '%s'.","Zapisljivega imenika ni mogoče ustvariti '%s'."
"Cart Item Attribute","Atribut izdelkov v košarici"
"Catalog","Katalog"
"Catalog Category (Anchor)","Kategorija kataloga (zasidrana)"
"Catalog Category (Non-Anchor)","Kategorija kataloga (nezasidrana)"
"Catalog Category (Without Subcategories)","Kategorija kataloga (brez podkategorij)"
"Catalog Category Link","Povezava kataloške kategorije"
"Catalog New Products List","Seznam novih izdelkov kataloga"
"Catalog Price Scope","Področje kataloške cene"
"Catalog Product Compare List","Primerjalni seznam izdelkov kataloga"
"Catalog Product Email to a Friend","Pošlji E-pošto s katalogom izdelkov prijatelju"
"Catalog Product Image Gallery Popup","Pojavno okno galerije slik izdelkov iz kataloga "
"Catalog Product Link","Povezava izdelkov iz kataloga"
"Catalog Product View (Any)","Pogled izdelkov iz kataloga (katerikoli)"
"Catalog Product View (Configurable)","Pogled izdelkov iz kataloga (nastavljiv)"
"Catalog Product View (Grouped)","Pogled izdelkov iz kataloga (v skupinah)"
"Catalog Product View (Simple)","Pogled izdelkov iz kataloga (enostaven)"
"Catalog Product View (Virtual)","Pogled izdelkov iz kataloga (virtualen)"
"Catalog Section","Oddelek kataloga"
"Catalog Seo Popular Search Terms","Priljubljeni SEO iskalni izrazi iz kataloga"
"Catalog Seo Sitemap (Category List)","SEO zemljevid strani kataloga (seznam kategorij)"
"Catalog Seo Sitemap (Category Tree)","SEO zemljevid strani kataloga (drevo kategorij)"
"Catalog Seo Sitemap (Common)","SEO zemljevid strani kataloga (skupni)"
"Catalog Seo Sitemap (Product List)","SEO zemljevid strani kataloga (seznam izdelkov)"
"Catalog URL Rewrites","URL pravila kataloga"
"Catalog product custom option values API","Kataloški produkt s privzeto vrednostjo API"
"Catalog product custom options API","Kataloški produkt s privzeto možnostjo API"
"Catalog, Search","Katalog, iskanje"
"Categories","Kategorije"
"Categories Sitemap","Zemljevid strani kategorij"
"Category","Kategorija"
"Category API","API kategorije"
"Category Data","Podatki kategorije"
"Category Flat Data","Pavšalni podatki kategorije"
"Category Link Block Template","Predloga bloka povezave kategorije"
"Category Link Inline Template","Predloga v vrsti povezave kategorije"
"Category Products","Kategorija izdelkov"
"Category Top Navigation","Zgornja navigacija kategorije"
"Category URL Suffix","URL pripona kategorije"
"Category attributes API","API atributi kategorije"
"Category move error","Napaka premika kategorije"
"Category move operation is not possible: parent category is equal to child category.","Operacija premika kategorije ni mogoča: nadrejena kategorija je enakovredna podrejeni."
"Category move operation is not possible: the current category was not found.","Operacija premika kategorije ni mogoča: trenutno nadrejena kategorija ni bila najdena."
"Category move operation is not possible: the new parent category was not found.","Operacija premika kategorije ni mogoča: nova nadrejena kategorija ni bila najdena."
"Category must be an instance of Mage_Catalog_Model_Category.","Kategorija mora biti v obliki Mage_Catalog_Model_Category."
"Center","Center"
"Change","Spremeni"
"Change or Retrieve attribute store view","Spremeni ali pridobi pogled artibutov trgovine"
"Change status","Spremeni status"
"Check items to add to the cart or","Preglej izdelke za dodajenje košarici ali"
"Choose an Option...","Izberite možnost ..."
"Clear All","Počisti vse"
"Click for price","Klikni za ceno"
"Close Window","Zapri okno"
"Collapse All","Skrči vse"
"Comma-separated.","Ločeno z vejico"
"Comparable","Primerljivo"
"Comparable on Front-end","Primerljivo na uporabnikovi strani"
"Comparable on the Frontend","Primerljivo na uporabnikovi strani"
"Compare","Primerjaj"
"Compare Products","Primerjaj izdelke"
"Conditions Combination","Kombinacija pogojev"
"Configurable Product","Nastavljiv izdelek"
"Configurable Product Settings","Nastavitve nastavljivih izdelkov"
"Configure Product","Konfiguracija produkta"
"Continue","Nadaljuj"
"Copy From Configurable","Kopiraj iz nastavljivih"
"Country/State","Država/zvezna država"
"Create","Ustvari"
"Create (Upload)","Ustvari (naloži)"
"Create Empty","Ustvari prazno"
"Create Permanent Redirect for old URL","Ustvari trajno preusmeritev za stare URLje"
"Create Permanent Redirect for old URLs if Url key changed","Ustvari trajno preusmeritev za stare URLje, če je URL ključ spremenjen"
"Create Product Settings","Ustvari nastavitve izdelka"
"Create Simple Associated Product","Ustvari enostaven povezan izdelek"
"Create attribute set based on another set","Kreiraj nastavitev atributa ki temelji na drugi nastavitvi"
"Create new attribute","Kreiraj nov atribut"
"Create new category","Ustvari novo kategorijo"
"Create new product","Ustvari nov izdelek"
"Cross-sells","Navzkrižne prodaje"
"Currently Shopping by:","Trenutno nakupovanje po:"
"Custom Design","Oblikovanje po meri"
"Custom Options","Možnosti po meri"
"Custom options","Možnosti po meri"
"Customer Group","Skupina strank"
"Customers Reviews","Mnenja strank"
"Customers Tagged Product","Označeni izdelki strank"
"Customers for alert %s were successfuly added to queue","Stranke za opozorilo %s so bile uspešno dodane v čakalno vrsto"
"Data Type for Saving in Database","Tipi podatkov za shranjevanje v podatkovno bazo"
"Date & Time Custom Options","Možnosti po meri za datum in čas"
"Date Fields Order","Polja datuma naročila"
"Date Subscribed","Naročen dne"
"Datetime","Datum"
"Decimal","Decimalno"
"Declare attribute value saving scope","Določi vrednost atributa za področje varčevanja"
"Default ""What's This"" Text Message","Privzeto ""Kaj je to"" tekstovno sporočilo"
"Default Popup Text Message","Privzeto pojavno tekstovno sporočilo"
"Default Price","Privzeta cena"
"Default Price Navigation Step","Koraki navigacije privzete cene"
"Default Qty","Privzeta količina"
"Default Values","Privzete vrednosti"
"Defines the base currency scope (""Currency Setup"" > ""Currency Options"" > ""Base Currency"").","Določi osnovno področje valute  (""Nastavitev valute"" > ""Možnosti valute"" > ""Osnovna valuta"")."
"Delete","Odstrani"
"Delete Attribute","Odstrani atribut"
"Delete Attribute Set","Odstrani skupino atributa"
"Delete Category","Odstrani kategorijo"
"Delete Option","Odstrani možnost"
"Delete Row","Odstrani vrstico"
"Delete Search","Odstrani iskanje"
"Delete Selected Group","Odstrani izbrano skupino"
"Delete Tier","Zbriši Tier"
"Delete attribute","Zbriši atribut"
"Delete category","Odstrani kategorijo"
"Delete product","Odstrani izdelek"
"Depends on design theme","Odvisno od oblikovalske teme"
"Design","Oblikovanje"
"Details","Podrobnosti"
"Disabled","Onemogočeno"
"Disallowed file type.","Nedovoljeni tipi datotek."
"Display Actual Price","Prikaži dejansko ceno"
"Display in Suggested Terms","Prikaži v predlaganih pogojih"
"Double click on a group to rename it","Dvojno kliknite na skupino za preimenovanje"
"Double click on above image to view full picture","Dvoklik za ogled slike v polni velikosti"
"Duplicate","Podvoji"
"Duplicate website tier price customer group and quantity.","Podvoji spletno nivojsko ceno skupine strank in količino."
"Duplicate website, country and state tax found.","Podvoji spletno stran, državo in davek države"
"E.g. {{media url=""path/to/image.jpg""}} {{skin url=""path/to/picture.gif""}}. Dynamic directives parsing impacts catalog performance.","Npr.{{media url=""path/to/image.jpg""}} {{skin url=""path/to/picture.gif""}}. Dinamično razčlenjevanje poti vpliva na zmogljivnost kataloga."
"Edit","Uredi"
"Edit Attribute Set '%s'","Uredi skupino atributa '%s'"
"Edit Product Attribute","Uredi atribute izdelka"
"Edit Product Attribute ""%s""","Uredi atribute izdelka ""%s"""
"Edit Search","Uredi iskanje"
"Edit Search '%s'","Uredi iskanje '%s'"
"Edit Set Name","Uredi ime skupine"
"Email","E-pošta"
"Email to %s was not sent.","E-pošta za %s ni bila poslana."
"Email to a Friend","Pošlji e-pošto prijatelju"
"Empty","Prazno"
"Enable MAP","Omogoči MAP"
"Enable Qty Increments","Omogoči dodajanje količine"
"Enable WYSIWYG","Omogoči WYSIWYG"
"Enabled","Omogočeno"
"Error during retrieval of option value: %s","Napaka med pridobivanjem vrednosti opcije: %s"
"Exclude","Izloči"
"Expand All","Razširi vse"
"Failed","Neuspešno"
"Failed to copy file %s. Please, delete media with non-existing images and try again.","Neuspešno kopiranje datoteke %s. Prosimo, zbrišite medio z neobstoječimi slikami in poskusite ponovno."
"Failed to move file: %s","Prenos datoteke ni bil uspešen: %s"
"Feature Products","Izpostavljeni izdelki"
"Field is not complete","Polje ni popolno"
"File options format is not valid.","Možnosti formata datoteke niso veljavne."
"File upload failed","Prenos datoteke ni bil uspešen."
"Filter model name must be declared.","Ime modela filtra mora biti določeno."
"Filter must be an object. Please set correct filter.","Filter mora bit objekt. Prosimo, nastavite pravilen filter."
"Filterable (no results)","Možno filtrirati ( brez rezultatov )"
"Filterable (with results)","Možno filtrirati ( z rezultati )"
"First Name","Ime"
"Fixed","Fiksen"
"For internal use.","Za interno uporabo."
"Frontend","Uporabniška stran"
"Frontend Model","Model uporabniške strani."
"Frontend Properties","Lastnosti uporabniške strani"
"Gallery","Galerija"
"General Information","Splošne informacije"
"Get full information about attribute with list of options","Pridobite vse informacije o atributih s seznamom različnih možnosti"
"Get full information about custom option in product","Pridobite vse informacije o možnostih po meri za produkt"
"Get list of available custom option types","Pridobite seznam različnih možnih tipov, ki so na voljo"
"Get list of non-default attributes by product type and attributes set","Pridobite seznam neprivzetih atributov glede na tip produkta in nastavitve atributov"
"Get list of possible attribute types","Pridobite seznam možnih tipov atributa"
"Get special price","Kupi po akcijski ceni"
"Global","Globalno"
"Globally Editable","Možno urejati globalno"
"Go to Home Page","Pojdi na domačo stran"
"Grid","Mreža"
"Group add","Dodaj skupino"
"Group remove","Odstrani skupino"
"Grouped Product","Združeni izdelki"
"Groups","Skupine"
"Home","Domov"
"ID","ID"
"ID: %s","ID: %s"
"If empty, the Category Name will be used","Če je prazno, bo uporabljeno ime kategorije"
"If empty, the Product Name will be used","Če je prazno, bo uporabljeno ime izdelka"
"If you do not specify an option value for a specific store view then the default (Admin) value will be used.","Če ne določite možnosti vrednosti za specifično trgovino, bo uporabljena privzeta (administratorjeva) vrednost."
"Image","Slika"
"Image content is not valid base64 data.","Vsebina slike ni veljaven base64data podatek."
"Image does not exist.","Slika ne obstaja."
"Image file was not found.","Datoteka slike ne obstaja."
"Image type and information need to be specified for each store view.","Za vsak pogled trgovine morata biti določena tip in informacija slike."
"In Cart","V košarici"
"In Stock","Na zalogi"
"In stock","Na zalogi"
"Incl. Tax","Z DDV"
"Index product and categories URL rewrites","Indeksiraj izdelke in kategorije URL pravil"
"Index product attributes for layered navigation building","Indeksiraj atribute izdelkov za gradnjo večplastne navigacije"
"Index product prices","Indeksiraj cene izdelkov"
"Indexed category/products association","Indeksirane kategorije/združenih izdelkov"
"Info Column Options Wrapper","Informacije Stolpec Možnosti Obdano"
"Input Type","Tip vnosa"
"Integer","Število"
"Invalid Tier Prices","Neveljavane cene za nivo"
"Invalid attribute %s.","Neveljaven atribut %s."
"Invalid attribute option specified for attribute %s (%s), skipping the record.","Za atribut  %s (%s) je določena neveljavna možnost atributa, zapis ni dokončan."
"Invalid attribute set specified, skipping the record.","Določena je neveljavna skupina atributa, zapis ni dokončan."
"Invalid block: %s.","Neveljaven blok: %s."
"Invalid category IDs.","Neveljaven ID kategorije. "
"Invalid category.","Neveljavna kategorija."
"Invalid image file type.","Neveljaven tip slikovne datoteke."
"Invalid image type.","Neveljaven tip slike."
"Invalid option ID specified for %s (%s), skipping the record.","Določena je neveljavna ID možnosti  %s (%s), zapis ni dokončan."
"Invalid product type specified, skipping the record.","Določen je neveljaven tip izdelka, zapis ni dokončan."
"Invalid store specified","Določena je neveljavna trgovina."
"Invalid store specified, skipping the record.","Določena je neveljavna trgovina, zapis ni dokončan."
"Invalid tier prices. The product is not associated to the requested website.","Neveljavne cene za nivo. Izdelek ni povezan z zahtevano spletno stranjo."
"Invalid transactional email code.","Neveljavna koda transakcijske E-pošte."
"Inventory","Zaloga"
"Is Default","Je privzeto"
"Is Required","Je zahtevano"
"Items %s to %s of %s total","Izdelki %s do %s od skupno %s "
"Items that you do not want to show in the catalog or search results should have status 'Disabled' in the desired store.","Izdelki, ki jih ne želite prikazati v katalogu ali rezultatih iskanja morajo imeti stanje 'Onemogočeno' v željeni trgovini."
"Items that you don't want to show in the catalog or search results should have status 'Disabled' in the desired store.","Izdelki, ki jih ne želite prikazati v katalogu ali rezultatih iskanja morajo imeti stanje 'Onemogočeno' v željeni trgovini."
"Keep your eyes open for our special Back to School items and save A LOT!","Podite pozorni na naše posebne Nazaj v šolo izdelke in prihranite VELIKO!"
"Label","Oznaka"
"Last Name","Priimek"
"Last Notification","Zadnje obvestilo"
"Layered Navigation","Večplastna navigacija"
"Learn More","Izvejte več"
"Line %d, Email: %s","Vrstica %d, E-pošta: %s"
"Line %d, SKU: %s","Vrstica  %d, šifra: %s"
"Link (Related, Up sell, Cross sell)","Povezava  (sorodni, povezani , navzkrižna prodaja)"
"Link product does not exist.","Povezava izdelka ne obstaja."
"Link to a Specified Category","Povezava do določene kategorije"
"Link to a Specified Product","Povezava do določenega izdelka."
"List","Seznam"
"List Mode","Načina seznama"
"List of Products that are set as New","Seznam izdelkov, ki so nastavljeni kot novi"
"Manage Attribute Sets","Urejaj skupino atributa"
"Manage Attributes","Urejaj atribute"
"Manage Catalog Categories","Urejaj kategorije kaktaloga"
"Manage Categories","Urejaj kategorije"
"Manage Label / Options","Urejaj oznake/ možnosti"
"Manage Options (values of your attribute)","Ureja možnosti ( vrednsoti vaših atrbutov)"
"Manage Product Attributes","Urejaja atribute izdelkov"
"Manage Product Sets","Urejaja skupine izdelkov"
"Manage Products","Urejanje izdelkov"
"Manage Stock","Urejaj zalogo"
"Manage Titles (Size, Color, etc.)","Urejaj naslove ( velikost, barvo, ipd. )"
"Max Characters","Največ znakov"
"Maximal Depth","Največja globina"
"Maximum Image Size","Največja velikost slike"
"Maximum Qty Allowed in Shopping Cart","Največja dovoljena količina v nakupovalni košarici"
"Maximum image height","Največja višin slika"
"Maximum image width","Najevečja širina slike"
"Maximum number of characters:","Največje število znakov:"
"Media Image","Slika medija"
"Minimum Lines per Page","Najmanj vrstic na stran"
"Minimum Qty Allowed in Shopping Cart","Najmanjša dovoljena količina v nakupovalni košarici"
"Minimum Qty for Item\'s Status to be Out of Stock","Najmanjša količina za izdelek, da ni na zalogi"
"Missing SKU, skipping the record.","Manjka šifra, zapis ni dokončan"
"More Views","Več pogledov"
"Move","Premakni"
"Move category in tree","Premakni kategorijo v drevesno strukturo"
"Must be in the allowed values list.","Mora biti na seznamu dovoljenih vrednosti."
"N/A","N/A"
"Name","Ime"
"Name in %s","Ime v %s"
"New Product","Nov izdelek"
"New Product Attribute","Nov atribut izdelka"
"New Products","Novi izdelki"
"New Products Grid Template","Predloga mreže novih izdelkov"
"New Products List Template","Predloga seznama novih izdelkov"
"New Root Category","Nova korenska kategorija"
"New Search","Novo iskanje"
"New Set Name","Novo ime skupine"
"New Subcategory","Nova podkategorija"
"Next","Naslednji"
"No","Ne"
"No image","Ni slike"
"No layout updates","Ni posodobitev postavitve"
"No options of this product are available.","Za ta izdelek ni dostopnih možnosti"
"No product collections found.","najdena ni nobena zbiraka izdelkov"
"None","Noben"
"Not Visible Individually","Niso vidni samostojno"
"Notify Low Stock RSS","RSS obvestilo za nizko zalogo"
"Notify for Quantity Below","Obvestilo ua koičino pod"
"Number of Products to Display","Število izdelkov za prikaz"
"Number of Uses","Število uporab"
"Number of results<br/>(For the last time placed)","Število razultatov<br/>(Za nazadnje podano)"
"OR","ALI"
"Old Price:","Stara cena:"
"Option validation failed to add product to cart.","Potrjevanje možnosti ni uspelo dodati izdelka v košarico. "
"Option:","Možnost:"
"Options Control","Nadzor možnosti"
"Options is required","Zahtevane so možnosti"
"Our customer service is available 24/7. Call us at (555) 555-0123.","Naš servis za stranke je dosegljiv 24/7. Pokličite nas na  (031) 574-705."
"Out of Stock","Ni na zalogi"
"Out of stock","Ni na zalogi"
"PM","PM"
"Page Title Separator","Ločevalec naslovov strani"
"Parent Category","Nadrejeni direktorij"
"Pending","Čakajoč"
"Pending Reviews RSS","RSS vir čakajočih mnenj"
"Percentage","Odstotek"
"Please add rows to option.","Prosimo, dodajte vrstice v možnosti."
"Please be careful as once you click on the row it will load package data form the selected file and all unsaved form data will be lost.","Prosimo, botide previdni, ko kliknete na vrstico, se bo naložil paket podatkov iz izbrane datoteke in vsi neshranjeni podatki bodo izgubljeni. "
"Please click on the Close Window button if it is not closed automatically.","Prosimo, kliknite na Zapri okno gumb, če se ne zapre samodejno."
"Please enter a new group name","Prosimo, vnesite nov ime skupine."
"Please refresh ""Catalog URL Rewrites"" and ""Product Attributes"" in System -> <a href=""%s"">Index Management</a>","Prosimo, osvežite  ""URL pravila kataloga"" in ""Atributi izdelka"" v sistemu -> <a href=""%s"">Urejanje kazala</a>"
"Please select a static block ...","Prosimo, izberite statični blok ..."
"Please select items.","Prosimo, izberite izdelke."
"Please select one or more attributes.","Prosimo, izberite enega ali več atributov."
"Please select product(s).","Prosimo, izberite izdelek/izdelke."
"Please select products for attributes update","Prosimo, izberite izdelke za posodobitev atributov"
"Please specify date required option(s).","Prosimo, določite možnost(i) zahtevanega datuma."
"Please specify the product required option(s)","Prosimo, določite možnost(i) zahtevanega izdelka(ov)."
"Please specify the product required option(s).","Prosimo, določite možnost(i) zahtevanega izdelka(ov)."
"Please specify the product\'s option(s).","Prosimo, določite možnost(i) izdelka(ov)"
"Please specify the product\'s required option(s).","Prosimo, določite možnost(i) zahtevanega izdelka(ov)."
"Please specify the quantity of product(s).","Prosimo, določite količino izdelka(ov)."
"Please specify time required option(s).","Prosimo, določite zahtevane možnosti."
"Position","Položaj"
"Position in Layered Navigation","Položaj v večplastni navigaciji"
"Position of attribute in layered navigation block","Položaj atributa v bloku večplastne navigavije"
"Prev","Prejšnji"
"Previous","Prejšnji"
"Price","Cena"
"Price Navigation Step Calculation","Izračun koraka navigacije cene"
"Price Type","Tip cene"
"Price is not available","Cena ni dostopna"
"Price values for options should be specified in system base currency.","Vrednosti cene za možnosti bi morale biti določene v sistemu osnovne valute."
"Price:","Cena:"
"Price: %s","Cena: %s"
"Print This Page","Natisni to stran"
"Product","Izdelek"
"Product API","Šifra izdelka"
"Product Alerts","Opozorila izdelka"
"Product Attribute","Atribut izdelka"
"Product Attributes","Atributi izdelka"
"Product Categories","Kategorije izdelka"
"Product Description","Opis izdelka"
"Product Extra Info","Dodatne informacije izdelka"
"Product Flat Data","Pavšalni podatki izdelka"
"Product Image Placeholders","Osnovne slike izdelka"
"Product Image Watermarks","Vodni žigi slike izdelka"
"Product Images","Slike izdelka"
"Product Images API","API slike izdelka"
"Product In Websites","Izdelki na spletni strani"
"Product Info Column","Informacijski stoplec izdelka"
"Product Information","Podatki o izdelku"
"Product Link Block Template","Predloga povezave izdelka v bloku"
"Product Link Inline Template","Predloga povezave izdelka v vrstici"
"Product Listing Sort by","Seznam izdelkov razvrščen po"
"Product Name","Ime izdelka"
"Product Prices","Cene izdelka"
"Product Reviews","Menja o izdelku"
"Product Tags","Značke izdelka"
"Product Tier Price API","API cena za nivo izdelka "
"Product Type","Tip izdelka"
"Product URL Suffix","URL pripona izdelka"
"Product View Extra Hint","Poseben namig za pogled na izdelek"
"Product attribute sets API","API skupina atributa izdelka"
"Product attributes API","API atributa izdelka"
"Product collection expected.","Pričakovana je zbirka izdelka"
"Product links API (related, cross sells, up sells)","API povezave izdelka (sorodni, povezani, navzkrižna prodaja )"
"Product types API","API tip izdelka"
"Product with this combination of attributes already associated to configurable.","Izdelke s to kombinacijo atributov je že povezan na nastavljivo."
"Products","Izdelki"
"Products Comparison List","Primerjali seznam izdelkov"
"Products Information","Podatki o izdelkih"
"Products Reviews","Mnenja o izdelkih"
"Products Sitemap","Zemljevi strani izdelkov"
"Products only","Samo izdelki"
"Products per Page on Grid Allowed Values","Izdelkov na stran na dovoljenih vrednostih mreže"
"Products per Page on Grid Default Value","Izdelkov na stran na privzetih vrednostih mreže"
"Products per Page on List Allowed Values","Izdelkov na stran na dovoljenih vrednostih seznama "
"Products per Page on List Default Value","Izdelkov na stran na privzetih vrednostih seznama"
"Properties","Lastnosti uporabniške strani"
"Qty","Količina"
"Qty Increments","Prirastki količine"
"Qty Uses Decimals","Pri količinah uporabljajo decimalke"
"Qty for Item\'s Status to become Out of Stock","Količina za katero izdelek ni več na zalogi"
"Qty:","Količina:"
"Quantity","Količina"
"Quick Create","Hitro ustvarjanje"
"Quick Overview","Hiter pregled"
"Quick simple product creation","Hitro in enostavno ustvarjanje izdelka"
"Records for ""","Zapisi za """
"Redirect","Preusmeritev"
"Redirect URL","Preusmeritev URL"
"Regular Price:","Redna cena:"
"Related Products","Sorodni izdelki"
"Remove","Odstrani"
"Remove Product From Websites","Odstrani izdelke s seltne strani"
"Remove This Item","Odstrani ta izdelek"
"Remove product assignment","Odstani postavitev izdelka"
"Remove product image","Odstani sliko izdelka"
"Remove product link","Odstani povezavo izdelka"
"Reorganize EAV category structure to flat structure","Reorganiziraj EAV strukturo kategorij v enostavno strukturo"
"Reorganize EAV product structure to flat structure","Reorganiziraj EAV strukturo izdelkov v enostavno strukturo"
"Reset","Ponastavi"
"Results","Rezultati"
"Retrieve attribute data","Pridobi podatke atributa"
"Retrieve attribute list","Pridobi seznam atributa"
"Retrieve attribute options","Pridobi možnosti atrbitua"
"Retrieve categories tree","Pridobi drevesno strukturo kategorij"
"Retrieve category attributes","Pridobi atribute kategorij"
"Retrieve category data","Pridobi podatke kategorij"
"Retrieve hierarchical tree","Pridobi hierarhično drevo"
"Retrieve linked products","Pridobi povezane izdelke"
"Retrieve list of assigned products","Pridobi seznam določenega izdelka"
"Retrieve one level of categories by website/store view/parent category","Pridobi eno raven  kategorij po spletni stani / pogledu na trgovino/ nadrejeno kategorijo"
"Retrieve product","Pridobi izdelek"
"Retrieve product attribute sets","Pridobi skupino atributa izdelka"
"Retrieve product image","Pridobi sliko izdelka"
"Retrieve product image list","Pridobi seznam slik izdelka"
"Retrieve product image types","Pridobi tipe slik izdelka"
"Retrieve product link type attributes","Pridobi tipe povezav atributa izdelka"
"Retrieve product link types","Pridobi tipe povezav izdelka"
"Retrieve product tier prices","Pridobi cene za nivo izdelka"
"Retrieve product types","Pridobi tipe izdelka"
"Retrieve products data","Pridobi podatke izdelka"
"Retrieve products list by filters","Pridobi seznam po filtrih izdelka"
"Reviews","Mnenja"
"Roll Over for preview","Zapelji se čez za predogled"
"Root","Korenski direktorij"
"SKU","Šifra"
"Save","Shrani"
"Save Attribute","Shrani atribut"
"Save Attribute Set","Shrani skupino atributa"
"Save Category","Shrani kategorijo"
"Save Search","Shrani iskanje"
"Save and Continue Edit","Sharni in nadaljuj urejanje"
"Saved %d record(s)","Shranjeno %d zapis(ov)"
"Scope","Področje"
"Search","Iskanje"
"Search Engine Optimizations","Optimizacija iskalnikov"
"Search Information","Podatki o iskanju"
"Search Query","Poizvedba"
"Search Term with such search query already exists.","Iskalni niz v taki poizvedni že obstaja."
"Searchable","Možno iskanti"
"Select Category...","Izberite kategorijo ..."
"Select Configurable Attributes ","Izberite nastavljive atribute"
"Select Product...","Izberite izdelek ..."
"Select type of option","Izberite tip možnosti"
"Select type options required values rows.","Izberite vrednosti vrstic za  tip možnosti "
"Selected Product Types","Izberite tipe izdelkov"
"Selected configuration is not available.","Izbrana konfiguracija ni na voljo."
"Send Count","Pošlji število"
"Set Ascending Direction","Nastavite naraščajočo smer"
"Set Descending Direction","Nastavite padajočo smer"
"Set Name","Natstavite ime"
"Set Root Category for Store","Nastavite korensko kategorijo za trgovino"
"Set root category for this store in the <a href=""%s"">configuration</a>","Nastavite korensko kategorijo za to trgovino v  <a href=""%s"">konfiguracija</a>"
"Set special price","Nastavite spletno ceno"
"Set/Get current store view","Nastevite/pridobite trenuten pogled na trgovino"
"Settings","Nastavitve"
"Shop By","Nakupuj po"
"Shopping Options","Možnosti nakupa"
"Show","Prikaži"
"Show Details","Prikaži podrobnosti"
"Show Tags","Prikaži značke"
"Simple Product","Enostavni izdelki"
"Site Map","Zemljevid strani"
"Sitemap","Zemljevid strani"
"Skip import row, is not valid value ""%s"" for field ""%s""","Izpusti uvoz vrstice , vrednost ""%s"" ni veljavna za polje ""%s"""
"Skip import row, required field ""%s"" for the new customer is not defined.","Izpusti uvoz vrstice, zahtevano polje ""%s"" za nove  stranke ni določeno."
"Skip import row, the value ""%s"" is invalid for field ""%s""","Izpusti import vrstice, vrednost ""%s"" ni veljavna za polje ""%s"""
"Skipping import row, required field ""%s"" for new products is not defined.","Izpusti import vrstice, zahtevano polje ""%s"" za nove izdelke ni določeno."
"Skipping import row, required field ""%s"" is not defined.","Izpusti import vrstice, zahtevano polje ""%s"" ni določeno."
"Skipping import row, store ""%s"" field does not exist.","Izpusti import vrstice, polje trgovine ""%s"" ne obstaja."
"Skipping import row, the value ""%s"" is not valid for the ""%s"" field.","Izpusti import vrstice, vrednost ""%s"" ni veljavna za ""%s"" polje."
"Some of the processed products have no SKU value. Please fill it.","Nekaj od obdelanih izdelkov nima vrednosti šifre. Prosim, dopolnite."
"Some of the products below do not have all the required options. Please remove them and add again with all the required options.","Nekaj od izdelkov spodaj nima vseh zahtevanih možnosti. Prosimo, odstranite jih in ponovno dodajte z vsemi potrebnimi možnostmi."
"Sort By","Razvrsti po"
"Sort Order","Vrstni red"
"Source Model","Model izvora"
"Special Expires On: %s","Spletna cena poteče ob: %s"
"Special Price:","Spletna cena"
"Special Price: %s","Spletna cena: %s"
"Starting at:","Začetek ob:"
"Static","Statično"
"Static block and products","Statični blok in izdelki"
"Static block only","Samo statični blok"
"Status","Stanje"
"Stock Availability","Dostopnost zaloge"
"Store","Trgovina "
"Store View","Pogled na trgovino"
"Stretch","Raztegni"
"Subscribe to RSS Feed","Naroči se na RSS vire"
"Super product attributes configuration","Nastavitve atributo za super izdelke"
"Synonym For","Sopomenka za"
"System Properties","Sistemske lastnosti"
"Tag Name","Ime značke"
"Tax","DDV"
"Template","Predloga"
"Text","Besedilo"
"The Flat Catalog module has a limit of %2\$d filterable and/or sortable attributes. Currently there are %1\$d of them. Please reduce the number of filterable/sortable attributes in order to use this module.","Enostavni katalog ima omejitev  %2\$d filtrirajočih in/ali sortirajočih atributov. Trenutno jih  je  %1\$d. Prosimo, zmanjšajte število filtrirajočih in/ali sortirajočih atributov, da bi lahko uporabljali ta modul."
"The attribute model is not defined","Model atriburta še ni določen."
"The attribute set has been saved.","Skupina atributa je shranjena."
"The base directory to upload image file is not specified.","Osnovni imenik za nalaganje slikovnih datotek še ni določen. "
"The category has been deleted.","Kategorija je bila odstranjena"
"The category has been saved.","Kategorija je bila shranjena."
"The comparison list was cleared.","Seznam primerjav je očiščen."
"The email template is not specified by administrator.","Administrator še ni določil predloge E-pošte."
"The filters must be an array.","Filltri morajo biti v polju."
"The image contents is not valid base64 data.","Vsebine slike ni veljaven base64  podatek."
"The image is not specified.","Slika ni navedena."
"The product %s has been added to comparison list.","Izdelkek %s je bil dodan k primerjalnemu seznamu."
"The product %s has been removed from comparison list.","Izdelkek %s je bil odstranjen iz primerjalnega seznama."
"The product attribute has been deleted.","Atribut izdelka je bil odstranjen."
"The product attribute has been saved.","Atribut izdelka je bil shranjen."
"The product has been created.","Izdelek je bil ustvarjen."
"The product has been deleted.","Izdelke je bil odstranjen."
"The product has been duplicated.","Izdelek je bil podvojen."
"The product has been saved.","Izdelek je bil shranjen."
"The product has required options","Izdelek potrebuje možnosti."
"The review has been deleted","Mnenje je bilo izbrisano."
"The review has been saved.","Mnenje je bilo shranjeno"
"The review was removed by another user or does not exist.","Mnenje je bilo odstranjeno s strani drugega uporabnika ali ne obstaja "
"The search was deleted.","Iskanje je bilo odstranjeno"
"The text is too long","Besedilo je predolgo"
"There are no %s available.","%s ni na voljo."
"There are no customers for this alert","Za to opozorilo ni strank."
"There are no customers for this alert.","Za to opozorilo ni strank."
"There are no products matching the selection.","Ni izdelkov, ki bi se ujemali se tem izborom."
"This Attribute no longer exists","Ta atribut ne obstaja več."
"This attribute cannot be deleted.","Ta atribut ne more biti izbrisan."
"This attribute cannot be edited.","Ta atribut ne more biti urejan."
"This attribute cannot be updated.","Ta atribut ne more biti posodobljen."
"This attribute is used in configurable products. You cannot remove it from the attribute set.","Ta atribut je uporabljen v nastavljivih izdelkih. Ne morete ga  odstraniti iz skupine atributov."
"This attribute no longer exists","Ta atribut ne obstaja več."
"This attribute set no longer exists.","Ta skupina atributa ne obstaja več."
"This group contains attributes, used in configurable products. Please move these attributes to another group and try again.","Ta skupina vsebuje atribute, uporabljene v nastavljivih izdelkih. Prosimo, premaknite te atribute v drugo skupino in ponovno poskusite ."
"This group contains system attributes. Please move system attributes to another group and try again.","Ta skupina vsebuje sistemske atribute. Prosimo, premaknite sistemske atribute v drugo skupinoin ponovno poskusite. "
"This is a required option","To je zahtevana možnost."
"This product no longer exists.","Ta izdelek ne oobstaja več."
"This search no longer exists.","To iskanje ne obstaja več."
"Tier Pricing","Cene za nivoje"
"Tile","Ploščica"
"Time Format","Oblika časa"
"Title","Naslov"
"To reindex the enabled product(s), the store or product must be specified.","Za ponovno indeksiranje omogočenih izdelkov mora biti navedenatrgovina ali izdelek. "
"Top/Left","Zgoraj/levo"
"Top/Right","Zgoraj/ desno"
"Total Qty Base Items","Skupna količina osnovnih izdelkov"
"Total incl. Tax: %1$s","Skupaj z DDV: %1$s"
"Total of %d record(s) have been deleted.","Skupaj %d zapisov je bilo odstranjenih."
"Total of %d record(s) have been updated.","Skupaj %d zapisov je bilo posodobljenih."
"Type","Tip"
"URL Rewrite Management","URL upravljanje pravil"
"Unable to complete this request.","Te zahteve ne morem izpolniti."
"Unable to find a search term to delete.","Ne najdem iskalnega izraza, ki ga je potrebno odstraniti"
"Unable to find an attribute to delete.","Ne najdem atributa, ki ga je potrebno odstraniti"
"Unable to get the product ID.","Ne morem najti ID izdelka."
"Unassigned Attributes","Nedodeljeni atributi"
"Unknown EAV indexer type ""%s"".","Neznan EAV tip šifre ""%s""."
"Unknown attribute: %s.","Neznan atribut: %s."
"Unsupported product type ""%s"".","Nepodprt tip izdelka ""%s""."
"Up-sells","Povezani"
"Update","Posodobi"
"Update Attributes","Posodobi atribute"
"Update Tier Price","Posodobi ceno za  nivoje"
"Update assigned product","Posodobi dodeljen izdelek"
"Update attributes","Posodobi atribut"
"Update category","Posodobi kategorijo"
"Update product","Posodobi izdelek"
"Update product image","Posodobi sliko izdelka"
"Update product link","Posodobi povezavo izdelka"
"Update product tier prices","Posodobi ceno za nivoje izdeka"
"Upload new product image ","Naloži novo sliko izdelka"
"Url Rewrite Management","URL upravljanje pravil"
"Use Canonical Link Meta Tag For Categories","Uporabi kanonično povezavo meta značke za kategorijo"
"Use Canonical Link Meta Tag For Products","Uporabi kanonično povezavo meta značke za izdelke"
"Use Categories Path for Product URLs","Uporabi pot katerorij za URL izdelka"
"Use Config Settings","Uporabi konfiguracijske nastavitve"
"Use Default Value","Uporabi privzete vredosti"
"Use Flat Catalog Category","Uporabi pavšalno kategorijo kataloga"
"Use Flat Catalog Product","Uporabi pavšalno kategorijo izdelka"
"Use In Layered Navigation","Uporabi v večplastni navigaciji"
"Use In Search Results Layered Navigation","Uporabi v  rezultatih iskanja večplastne navigacije"
"Use JavaScript Calendar","Uporabi JavaScript koledar"
"Use Static URLs for Media Content in WYSIWYG for Catalog","Uporabi statične URLje za medijsko vsebino v WYSIWYG za katalog"
"Use To Create Configurable Product","Uporabi za ustvarjanje nastavljivih izdelkov"
"Use Tree Like Category Sitemap","Uporabi drevesno strukturo zemljevida strani"
"Use default","Uporabi privzeto"
"Use for Promo Rule Conditions","Uporabi za pogoje promo pravila"
"Use four-digit year format.","Uporabi štirištevilčno boliko za leto."
"Use in Advanced Search","Uporabi v naprednem iskanju"
"Use in Layered Navigation","Uporabi v večplastni navigaciji"
"Use in Layered Navigation<br/>(Can be used only with catalog input type 'Dropdown')","Uporabi v večplastni navigaciji<br/>(Lahko je uporabljeno samo z vnosom kataloga spustnega tipa )"
"Use in Quick Search","Uporabi v hitrem iskanju"
"Used for Sorting in Product Listing","Uporabljeno za razvrščanje v seznamu izdelkov"
"Used in Product Listing","Uporabljeno v seznamu izdelkov"
"Value for ""%s"" is invalid.","Vrednost za ""%s"" je neveljevna."
"Value for ""%s"" is invalid: %s","Vrednost za""%s"" je neveljevna: %s"
"Varchar","Spremenjlivo polje za znake"
"View as","Prikaz"
"Virtual Product","Virtualni izdelek"
"Visibility","Vidnost"
"Visible","Vidno"
"Visible on Catalog Pages on Front-end","Vidno na straneh kataloga na uporabniški strani"
"Visible on Product View Page on Front-end","Vidno na strani pogleda na izdelek na uporabniški strani"
"WYSIWYG Editor","WYSIWYG urejevalnik"
"Watermark","Vodni žig"
"Watermark Default Size","Privzeta velikost vodnega žiga"
"Watermark Opacity, Percent","Prosojnost vodnega žiga v odstotkih"
"Watermark Position","Položaj vodnega žiga"
"We Also Recommend","Priporočamo tudi"
"Website","Spletna stran"
"Websites","Spletne strani"
"Whether to show ""All"" option in the ""Show X Per Page"" dropdown.","Ali naj prikažem""Vse"" možnosti v  ""Prikaži X na stran"" spustne meniju."
"Wrong BuyRequest instance in options group.","Napačna  instanca nakupne zahteve v skupini možnosti."
"Wrong option instance type in options group.","Napačen tip instance možnosti  v skupini možnosti."
"Wrong option type to get group instance.","Napačen tip možnosti za pridobitev skupinske možnosti."
"Wrong product instance type in options group.","Napačen tip instance izdelka  v skupini možnosti."
"Wrong product type filter specified","Naveden je napačen tip filtra izdelka"
"Wrong quote item instance in options group.","Napačna instanca postavke predračuna v skupini možnosti. "
"Wrong quote item option instance in options group.","Napačna možnost instance  postavke predračuna v skupini možnosti. "
"Year Range","Razpon let"
"Yes","Da"
"You cannot email this product to a friend.","Tega izdelka ne morete poslati prijatelju po E-pošti."
"You cannot remove system attribute from this set.","Ne morete odstraniti sistemskega atributa iz te skupine."
"You cannot send more than %d emails at a time.","Ne morete poslati več kot %d e-poštnih spročil hkrati."
"You have exceeded limit of %d sends in an hour.","Presegli ste omejitev %d pošiljk v uri."
"You have no items to compare.","Nimate izdelkov za primerjavo"
"You have to specify at least one recipient.","Navesti morate vsaj enega prejemnika."
"You may also be interested in the following product(s)","Moorda vas bodo zanimali naslednji izdelki"
"Zoom In","Približaj"
"Zoom Out","Oddalji"
"[GLOBAL]","[GLOBALNO]"
"and","in"
"categories","Kategorije"
"each","vsak"
"ex. http://domain.com","npr  http://domain.com"
"leave blank if its not an image","pustite prazno če ni slika"
"per page","na stran"
"products","izdelki"
"px.","px."
"save","shrani"
"select all","izberi vse"
"unselect all","izloči vse"
"x","x"
"This product was already bought by ","Ta izdelek je kupilo že  "
"customers.","strank."
"The last purchase was from: ", "Zadnji nakup je bil iz države: "
"Click here to see LIVE DEMO", "Kliknite tukaj za DEMO"
"Tired of entering your informations? Make quick checkout with PayPal!","Ste naveličani izpolnjevati obrazce s svojimi podatki? Opravite hiter nakup preko PayPal-a!"
"Links","Povezava"
"Prices","Cene"
"Meta Information","Meta informacije"
"Gift Options","Možnosti daril"
"Name","Naziv"
"Description","Opis"
"Short Description","Kratek opis"
"Cost","Strošek"